,SPY,TLT,BIL,BTC-USD
2020-01-01,100.19988951945014,99.92286912624316,100.0,100.17707576595815
2020-01-02,100.16594262949802,99.99996998455632,100.0,100.5738672934996
2020-01-03,100.38280147808139,100.02518579243782,100.0,100.47216532160856
2020-01-06,100.38593977456563,99.87755585295047,100.0,100.62446819183357
2020-01-07,100.25009947524492,100.1007115027258,100.0,100.4172341175641
2020-01-08,100.16888436943952,100.17023064194292,100.0,100.03524707959362
2020-01-09,100.30204899488139,100.27860970105719,100.0,100.25547521148411
2020-01-10,100.39050461683391,100.21421059817432,100.0,100.55737026178275
2020-01-13,100.4949686243817,100.1502130033004,100.0,100.88051734155249
2020-01-14,100.50360705892798,100.16981096497553,100.0,101.09293386614831
2020-01-15,100.5867076331715,100.12970750468173,100.0,101.17842818533116
2020-01-16,100.82851669672976,100.05530938451467,100.0,101.34725621167412
2020-01-17,100.68655245893943,99.92480390086553,100.0,101.78415397495837
2020-01-20,100.67584885789358,99.94204477503907,100.0,102.03633584393134
2020-01-21,100.65676784058914,100.04260828222948,100.0,102.08232414554033
2020-01-22,100.70767578692163,100.12025440866931,100.0,102.05020408095206
2020-01-23,100.92700545783269,100.14195994483678,100.0,102.46275695932094
2020-01-24,101.06083503874649,100.23977689999732,100.0,102.5013583338194
2020-01-27,100.95802356495014,100.22401283632654,100.0,102.34054018853904
2020-01-28,101.01339966194782,100.24173445091131,100.0,102.75513187190126
2020-01-29,100.95828760158501,100.3399895292982,100.0,102.67789479969186
2020-01-30,101.17663158556117,100.26900655968083,100.0,102.8955619880738
2020-01-31,101.12557924935767,100.30046905391559,100.0,103.01551883272494
2020-02-03,101.10833939259183,100.31237457913838,100.0,103.31429044877609
2020-02-04,101.1862260261507,100.16935900608856,100.0,103.38280515440549
2020-02-05,101.24395041441612,100.2038484044925,100.0,103.62167918718598
2020-02-06,101.18244635871204,100.2787529931306,100.0,103.51245729218056
2020-02-07,101.36260517124174,100.25034585108801,100.0,103.44328631818988
2020-02-10,101.32940026465299,100.33502960920652,100.0,103.36835664841537
2020-02-11,101.55442922310785,100.50198021906319,100.0,102.98749262867493
2020-02-12,101.45094788180381,100.39966431740478,100.0,102.98118212765146
2020-02-13,101.36842143823915,100.536678336312,100.0,103.02119671643192
2020-02-14,101.32417016524542,100.58253681028535,100.0,102.95977374995692
2020-02-17,101.3974778078652,100.65863861882592,100.0,102.9495230406445
2020-02-18,101.35102969442336,100.74851490443858,100.0,102.75222293598131
2020-02-19,101.50653053475494,100.72776494832256,100.0,102.9897688391118
2020-02-20,101.59773097130915,100.71596684406201,100.0,103.22942868730182
2020-02-21,101.53162834806751,100.87489848637553,100.0,103.45165934544688
2020-02-24,101.62681882774405,100.9311289259921,100.0,103.56621178740455
2020-02-25,101.70060584901394,100.96306766706276,100.0,103.68870529031334
2020-02-26,101.81187052913238,101.0416752996904,100.0,103.58507469638761
2020-02-27,102.01367225011451,101.07681175767647,100.0,103.17565646537687
2020-02-28,102.21508016580873,101.12647736875137,100.0,103.42203596279374
2020-03-02,102.28440407293434,101.17227466931742,100.0,103.34014857092635
2020-03-03,102.37011429085754,101.16989364860054,100.0,103.41985663476194
2020-03-04,102.53542554784542,101.2690307242969,100.0,103.44276391403798
2020-03-05,102.5265647371942,101.31898271951114,100.0,103.48558830812684
2020-03-06,102.68360573466462,101.3474246959292,100.0,103.78982271408643
2020-03-09,102.63803196385638,101.48039197352503,100.0,103.82154976497739
2020-03-10,102.71194013811287,101.57252376771133,100.0,103.53273373068224
2020-03-11,102.7784075178373,101.75711042660805,100.0,103.54245782795726
2020-03-12,102.6751962873786,101.8330801503683,100.0,103.5038870757457
2020-03-13,102.70218529449149,101.83814646086995,100.0,103.45977096790287
2020-03-16,102.75363430399993,101.86475395146833,100.0,103.52160798526533
2020-03-17,102.74027876507418,101.91561918784569,100.0,103.53012715816104
2020-03-18,102.80674535584131,101.98120832579507,100.0,103.55104113502716
2020-03-19,102.95377030672546,101.84357846438235,100.0,103.68189860763923
2020-03-20,103.07709120301644,101.86851415518275,100.0,103.68801483846572
2020-03-23,103.14254750685669,101.99133092919423,100.0,103.84163267131392
2020-03-24,103.22435589983915,102.01677155629284,100.0,104.34388973330245
2020-03-25,103.23559183932956,102.04416331752066,100.0,104.31750664702018
2020-03-26,103.4464594997929,102.27855435785501,100.0,104.40262043951736
2020-03-27,103.50730159258319,102.21916468385695,100.0,104.30126259019221
2020-03-30,103.37838973179481,102.18368752885257,100.0,104.5967298805935
2020-03-31,103.36900034722925,102.13376327483967,100.0,104.67602198563566
2020-04-01,103.43865318094029,102.2411522624215,100.0,104.84095486063717
2020-04-02,103.42338783342883,102.29572578095119,100.0,104.66663720696289
2020-04-03,103.41496820418237,102.43601295408072,100.0,104.70647004585965
2020-04-06,103.30437414505957,102.54075011855139,100.0,105.06659099780843
2020-04-07,103.47864516197994,102.61413329133426,100.0,105.17636871281033
2020-04-08,103.55529345790319,102.65731016619685,100.0,105.2627477720069
2020-04-09,103.72524214222369,102.58895892645236,100.0,105.27238881236536
2020-04-10,103.63453903342185,102.74111180737303,100.0,105.52138754354367
2020-04-13,103.70668201151817,102.72650396728848,100.0,105.92255750843356
2020-04-14,103.74617632146817,102.72168448732108,100.0,106.09368730273835
2020-04-15,103.81503929077276,102.64080100782137,100.0,106.33430533453524
2020-04-16,103.89986778342289,102.60762476136965,100.0,106.23476741888962
2020-04-17,103.6496109802376,102.5836356047255,100.0,106.26580672127285
2020-04-20,103.61973365040603,102.58541605674417,100.0,106.12484169040053
2020-04-21,103.87645026362281,102.68085025842443,100.0,105.96129164421959
2020-04-22,103.77849581487732,102.88441735573544,100.0,105.83673340583233
2020-04-23,103.85354558677085,102.82885864720875,100.0,105.79778341658545
2020-04-24,103.84077546135396,102.79902331095138,100.0,106.03337975438973
2020-04-27,103.79315314853908,102.94323089270252,100.0,106.0028958805782
2020-04-28,103.90265073656118,103.04922783728955,100.0,105.96433699977355
2020-04-29,104.12980215038004,103.12819236515358,100.0,105.66696519189293
2020-04-30,104.12433183648155,103.10348769554592,100.0,105.474919462658
2020-05-01,104.26041075447141,103.1626497006191,100.0,105.09451110232578
2020-05-04,104.20382824577514,103.23000484035886,100.0,105.0467545239148
2020-05-05,104.06940295279514,103.19974955646946,100.0,104.91669725533248
2020-05-06,103.91994433777566,103.1763862544743,100.0,105.05100697173714
2020-05-07,104.00298756069134,103.33986687658071,100.0,105.1726709190927
2020-05-08,103.9111829594335,103.48382395709434,100.0,105.08218756027556
2020-05-11,104.0514108619152,103.56433940557825,100.0,105.17254396587201
2020-05-12,103.9522788767266,103.62554727103822,100.0,105.39895277380506
2020-05-13,104.01727481730529,103.7173584356739,100.0,105.1437318622982
2020-05-14,103.93207246970242,103.69943647575117,100.0,105.31755425033354
2020-05-15,103.9834589097716,103.72777430013953,100.0,105.24840587593242
2020-05-18,104.08249775785326,103.75688908617084,100.0,104.86568248291977
2020-05-19,104.20834570665063,103.82356430813527,100.0,104.87835674248551
2020-05-20,104.28295790090797,103.77389891047697,100.0,105.00579480906893
2020-05-21,104.1661049085723,103.72831190703585,100.0,104.9204245574213
2020-05-22,104.1909164031813,103.84704780866585,100.0,105.27553425455164
2020-05-25,104.20402168195623,103.8482657633736,100.0,104.94891726593988
2020-05-26,104.19650630062974,103.87057520741237,100.0,105.0126967546729
2020-05-27,104.15969975302467,103.96903636742725,100.0,105.03644646847141
2020-05-28,104.26655667908369,103.97801647673681,100.0,104.66585874870323
2020-05-29,104.27882313124543,104.04695577913812,100.0,104.93474841689394
2020-06-01,104.47795655862821,104.10022137319083,100.0,105.19893774994958
2020-06-02,104.53992150707029,104.22788216172049,100.0,104.80340803393032
2020-06-03,104.59351489859199,104.09115402062315,100.0,104.44561457607922
2020-06-04,104.60134084184185,104.12251634204503,100.0,104.33158127230763
2020-06-05,104.72122311144847,104.08619520805878,100.0,104.16733073259319
2020-06-08,104.79441600269183,104.14716868399667,100.0,103.9171680597623
2020-06-09,104.8620990353018,104.21840194935999,100.0,103.94610566357251
2020-06-10,105.00513377466385,104.214571483866,100.0,103.65274038620045
2020-06-11,105.15151535390319,104.12463592136174,100.0,103.53336687516058
2020-06-12,105.11700274829153,104.203731132752,100.0,103.68864708538301
2020-06-15,105.20654266075911,104.20067581049577,100.0,103.84654721102626
2020-06-16,105.24384063494209,104.2463213829062,100.0,104.14864390084094
2020-06-17,105.24241911118234,104.25615055202506,100.0,104.39308049903339
2020-06-18,105.32342345719681,104.19338547532637,100.0,104.73782930204217
2020-06-19,105.47974997488743,104.2343759243402,100.0,105.42055524115669
2020-06-22,105.55306239062455,104.14782634425173,100.0,105.640524939433
2020-06-23,105.55482697240156,104.10738984859465,100.0,105.50758539626523
2020-06-24,105.72312448808141,104.11880610035242,100.0,105.18593460969669
2020-06-25,105.7976125208174,104.10040896688183,100.0,105.15442887379622
2020-06-26,105.88087367342013,104.21576826838401,100.0,105.00049243819142
2020-06-29,105.92037974449259,104.40470232893001,100.0,105.21327447019242
2020-06-30,105.71994859117115,104.62608517925153,100.0,105.4589140191706
2020-07-01,105.69370042673015,104.68483817300005,100.0,105.24453418990565
2020-07-02,105.94341581983261,104.67423635158114,100.0,105.29641157695882
2020-07-03,106.16606951775013,104.65952070809755,100.0,105.7074201118847
2020-07-06,106.0312561795165,104.69307536499915,100.0,105.41842704765095
2020-07-07,105.97782558329322,104.83358264558709,100.0,105.59503873990158
2020-07-08,105.9988886573824,104.86098119855413,100.0,105.60461387237841
2020-07-09,105.96654886463689,104.87135949618798,100.0,105.61432581283572
2020-07-10,106.1428492271885,104.90537882580766,100.0,105.80455673513526
2020-07-13,106.13955167375252,105.00006775135661,100.0,105.93389227611807
2020-07-14,106.13586704724524,105.1098341712041,100.0,106.13377013896205
2020-07-15,106.26500863436351,105.21858860515121,100.0,105.85718426505103
2020-07-16,106.43442160747111,105.27355821269781,100.0,105.8832088877853
2020-07-17,106.60956296260878,105.15142080424279,100.0,105.59215529341783
2020-07-20,106.89246706876257,105.09527836929487,100.0,105.59650676410824
2020-07-21,106.75491152563939,105.13571451204739,100.0,105.98309012542981
2020-07-22,106.86047280190344,105.19419376192357,100.0,106.05897984387693
2020-07-23,106.95813355331627,105.2335166999434,100.0,106.21204276757085
2020-07-24,107.10146471125965,105.28541828503988,100.0,106.12879648537782
2020-07-27,106.99846325783427,105.32266393946968,100.0,106.22388468150015
2020-07-28,107.04817094220024,105.28146946641841,100.0,106.13742088442287
2020-07-29,106.99706767061713,105.3382593123669,100.0,106.50358765344362
2020-07-30,107.05194161059651,105.48743871156817,100.0,106.47136613683777
2020-07-31,107.24280348579519,105.6218853134953,100.0,106.36229693409535
2020-08-03,107.3086145562478,105.85146607603207,100.0,106.18494436538481
2020-08-04,107.31096794197147,105.88158489899433,100.0,106.35861246693003
2020-08-05,107.39834983309711,105.7631038908215,100.0,106.1842869871887
2020-08-06,107.60067651830003,105.84476666580292,100.0,106.03435971834539
2020-08-07,107.58028705627149,106.10815595710166,100.0,106.14471374686752
2020-08-10,107.711599577732,106.10905853061966,100.0,106.27120696493583
2020-08-11,107.80897500482452,106.15400065931402,100.0,106.22557247925027
2020-08-12,107.79666006452337,106.25819892786872,100.0,105.85639183551811
2020-08-13,107.82530015306394,106.20419536777047,100.0,106.14132850610119
2020-08-14,107.83195449056748,106.2783865140481,100.0,106.2412418623698
2020-08-17,107.93493101151677,106.25275995116537,100.0,106.28579531417572
2020-08-18,108.1081608848845,106.36114535126738,100.0,106.17804879100031
2020-08-19,108.02085448423615,106.24603524806447,100.0,106.4474182172484
2020-08-20,108.01193470623616,106.33867344427813,100.0,106.76145847497675
2020-08-21,108.15633710672546,106.40300129929092,100.0,106.83770531555092
2020-08-24,108.15009565097496,106.30766439635427,100.0,106.96177798006067
2020-08-25,108.25750493419403,106.4086243053498,100.0,107.17680320735096
2020-08-26,108.2279905112974,106.4452280027204,100.0,106.79650077602041
2020-08-27,108.23364027114333,106.47908195784092,100.0,106.90318393687448
2020-08-28,108.01338811262721,106.61785056255054,100.0,106.98784492819917
2020-08-31,108.2066278824766,106.70979870865834,100.0,106.66348061749017
2020-09-01,108.21422916113761,106.84988058452234,100.0,106.86944742343942
2020-09-02,108.20267311389085,107.03850769766782,100.0,106.60877175432593
2020-09-03,108.05003825181988,107.0781067851604,100.0,106.46509314742774
2020-09-04,108.29998609874959,106.9794410361779,100.0,106.66003060947187
2020-09-07,108.46682897138055,106.94777677483675,100.0,106.53882434782206
2020-09-08,108.54592609683989,106.81288729604934,100.0,106.67426301442707
2020-09-09,108.50820560933848,106.79895851205946,100.0,106.64645718949387
2020-09-10,108.55560425222534,106.75265497243558,100.0,106.5734640487673
2020-09-11,108.54851286754418,106.6260984010118,100.0,106.45236752020463
2020-09-14,108.61346562848126,106.5937131401798,100.0,106.32408648599427
2020-09-15,108.7556005528644,106.68358175463486,100.0,106.45016851653314
2020-09-16,108.90073752044043,106.58878281660355,100.0,106.19621045066852
2020-09-17,109.01735173396177,106.43479590881203,100.0,106.57836252201311
2020-09-18,108.99520150846331,106.44882635455282,100.0,106.57821708507998
2020-09-21,108.91849340169676,106.39315048634185,100.0,106.42533837530799
2020-09-22,109.08383162718759,106.30763289383052,100.0,106.49844899234324
2020-09-23,109.09170592010418,106.39140015361245,100.0,106.3451247112209
2020-09-24,109.3306957100753,106.46432778472484,100.0,106.43023057285234
2020-09-25,109.38744088931598,106.57315768844352,100.0,106.18414073850506
2020-09-28,109.35491360161997,106.56858593697925,100.0,106.49515574836992
2020-09-29,109.54662770876254,106.83202459913304,100.0,106.79660760428328
2020-09-30,109.64937667977578,106.94997249080889,100.0,106.5729373454595
2020-10-01,109.62251869542393,106.99246548371728,100.0,106.53529777779606
2020-10-02,109.47983276711953,107.03417607385327,100.0,106.82332378955371
2020-10-05,109.5342925341764,107.14150770826417,100.0,106.64494879695891
2020-10-06,109.61211559616679,107.05660445747918,100.0,106.25587308676685
2020-10-07,109.67430071387898,107.14484668670018,100.0,106.50693628018924
2020-10-08,109.96954920545339,107.21750541953034,100.0,106.80382336331273
2020-10-09,109.98747811890672,107.24488368231286,100.0,106.65139971234103
2020-10-12,109.87989908509628,107.19441817899707,100.0,106.75211384927918
2020-10-13,109.88426852640515,107.13817716317018,100.0,107.04466326181203
2020-10-14,109.97391377696997,107.13707045982042,100.0,106.91662319893152
2020-10-15,109.95318545631382,107.0910768865056,100.0,106.81398947648938
2020-10-16,109.99509436574273,107.2220824746076,100.0,107.13194301882014
2020-10-19,110.05390525989262,107.20852936440208,100.0,107.20999402801284
2020-10-20,110.01908534558454,107.20352313175732,100.0,107.64402396090703
2020-10-21,110.1071934265497,107.19059082908929,100.0,107.72727908622312
2020-10-22,110.16156246291335,107.33057306132882,100.0,107.44454898457994
2020-10-23,110.0866884653396,107.4708410121099,100.0,106.93804962432827
2020-10-26,110.26276497397852,107.46715342210192,100.0,107.10643919455117
2020-10-27,110.25615599441963,107.52554762377463,100.0,107.3351492182488
2020-10-28,110.26698407584998,107.49798569932393,100.0,107.34510790687358
2020-10-29,110.43747207087007,107.56998816211572,100.0,107.19505255024502
2020-10-30,110.54230112462487,107.6362629354396,100.0,107.3809518857074
2020-11-02,110.79765433218562,107.77149385778317,100.0,107.21190041809669
2020-11-03,110.9067969002142,107.83895165270575,100.0,106.9752041791209
2020-11-04,110.94043229937279,107.80616849687938,100.0,107.21686902860444
2020-11-05,110.95420776046187,107.88522656712517,100.0,107.23907666851939
2020-11-06,111.04443398846638,107.9326956660582,100.0,107.64919501663384
2020-11-09,111.16004361511384,108.02722421256838,100.0,107.77937967465803
2020-11-10,111.27217902768012,108.08298425190807,100.0,108.08287433316268
2020-11-11,111.38340229686983,108.07378150144032,100.0,108.05479592365195
2020-11-12,111.37280174287011,108.03754799292295,100.0,108.20158596856515
2020-11-13,111.49722409883714,108.06436908466651,100.0,108.64485756362915
2020-11-16,111.47618223776469,108.05780444175504,100.0,108.82073779211646
2020-11-17,111.59342082860812,108.13104615877043,100.0,109.35505331794795
2020-11-18,111.66745809851055,108.2541926950055,100.0,109.6772116266299
2020-11-19,111.75184727539,108.48848170570419,100.0,110.13080295496468
2020-11-20,111.7817780029649,108.51214452335708,100.0,110.26804892415534
2020-11-23,111.77081260158471,108.39168112447878,100.0,110.49099645032221
2020-11-24,111.69418412687018,108.58068447180021,100.0,110.5101129061589
2020-11-25,111.5477497420123,108.5878427088939,100.0,110.51429736545839
2020-11-26,111.4390978936852,108.53690565537772,100.0,110.45175819602366
2020-11-27,111.60613954712643,108.58521162459759,100.0,110.2067106365392
2020-11-30,111.65952888080554,108.58918484544488,100.0,110.23762941407958
2020-12-01,111.5546037593099,108.70260943398397,100.0,110.05499472406825
2020-12-02,111.63568892564857,108.61276578845606,100.0,110.58459386249517
2020-12-03,111.78397061381727,108.85356451508879,100.0,110.78542921010427
2020-12-04,111.81550893177793,108.92347424007777,100.0,110.80540098252033
2020-12-07,111.85675831512889,108.92557482478631,100.0,110.81096238294415
2020-12-08,111.99177603581386,108.9488209214347,100.0,110.66464710669266
2020-12-09,112.07057479312671,108.7663667281998,100.0,110.6749257103609
2020-12-10,112.20097812160864,108.8091233868721,100.0,110.8690083587543
2020-12-11,112.22881732593109,108.81652814332628,100.0,110.96665205164692
2020-12-14,112.35119278043754,108.84818502331737,100.0,110.9796374378946
2020-12-15,112.20409135675452,108.8146846277843,100.0,110.80004328124012
2020-12-16,112.19245538837295,108.91988259820454,100.0,110.47731817242538
2020-12-17,112.26712648225464,108.94763834389978,100.0,110.49532163717235
2020-12-18,112.34880704384224,108.95100425348943,100.0,110.33356845880401
2020-12-21,112.31004702956722,108.98004440877418,100.0,110.46347923807915
2020-12-22,112.33091744192497,109.09856798984805,100.0,110.3265271952503
2020-12-23,112.3105646546699,109.09329191549475,100.0,110.19909839247497
2020-12-24,112.28662514253385,109.13917434213703,100.0,110.60862325430416
2020-12-25,112.4894820121606,109.38134878748961,100.0,110.37196174022128
2020-12-28,112.62234822754137,109.33148833051956,100.0,110.37864641468299
2020-12-29,112.57157583081211,109.42059251178637,100.0,110.61556058349397
2020-12-30,112.52962394035453,109.60802337610326,100.0,110.88899157133287
2020-12-31,112.4775359516917,109.4445169633124,100.0,110.70391738555566
2021-01-01,112.7335972361052,109.5715672214931,100.0,110.7978955591155
2021-01-04,112.80966288300678,109.55246414259253,100.0,110.89664953438528
2021-01-05,112.95725864285374,109.59633021825303,100.0,111.00608329710307
2021-01-06,112.9735207238555,109.79007879422099,100.0,111.01174102911577
2021-01-07,113.03551284289517,109.74590389893326,100.0,111.01839596265859
2021-01-08,113.14601764897425,109.84726011784151,100.0,110.55811375606224
2021-01-11,113.03712545411261,109.86552414420454,100.0,110.55756639968959
2021-01-12,113.01582248231963,109.98112857972022,100.0,110.78252159223928
2021-01-13,113.00860221391207,110.08861703510894,100.0,111.05656135329193
2021-01-14,113.03980168026007,110.19966905325253,100.0,110.94855232875652
2021-01-15,112.9798963166811,110.19184633800765,100.0,110.81704744089487
2021-01-18,113.01512488607312,110.17642709823718,100.0,110.61433779539404
2021-01-19,113.32086279800113,110.17039554990757,100.0,110.37205999685271
2021-01-20,113.28743953958144,110.13383536821665,100.0,110.59619953015952
2021-01-21,113.36045658405867,110.10687490558297,100.0,110.87027384330906
2021-01-22,113.4968963046673,110.2765388896162,100.0,110.88962039497376
2021-01-25,113.60048249289184,110.09643844933267,100.0,110.87679613418783
2021-01-26,113.49774055679173,110.12750679107437,100.0,111.09977030262606
2021-01-27,113.69609344252864,110.06622519453654,100.0,111.28587459606074
2021-01-28,113.70502756843403,110.0919767003349,100.0,111.20684283064243
2021-01-29,113.71986627033931,110.23125207626455,100.0,110.87129073126586
2021-02-01,113.93998368002345,110.16477981526121,100.0,110.29408958817099
2021-02-02,114.08356750452793,110.19207597355218,100.0,110.28147337546824
2021-02-03,114.0011398799318,110.10386889358628,100.0,110.04107323716258
2021-02-04,113.96362063948936,110.3278291760154,100.0,110.11394596110587
2021-02-05,114.05838641825838,110.40730072321914,100.0,109.96942246890568
2021-02-08,114.14744060310133,110.45206233846275,100.0,109.81665426030655
2021-02-09,114.11827210335565,110.55106333428817,100.0,109.84717547500617
2021-02-10,114.15512652942354,110.64969050939563,100.0,110.11131324827373
2021-02-11,113.96583118936391,110.78389920521347,100.0,110.1941803384057
2021-02-12,114.00970825797425,110.77124482551497,100.0,110.48034231215722
2021-02-15,114.04945648568528,110.81261473910632,100.0,110.31544115425046
2021-02-16,114.06332117137825,110.91874000497654,100.0,110.50649195310022
2021-02-17,114.00158561534798,110.9976103946817,100.0,110.62957308172341
2021-02-18,114.14705054928733,110.95275458188685,100.0,110.40372704632931
2021-02-19,114.1511984481792,111.09237137126112,100.0,110.3230696481311
2021-02-22,114.21505055733819,111.13123466859518,100.0,110.48376459082114
2021-02-23,114.17085562227949,111.23192493282029,100.0,110.58349080056472
2021-02-24,114.22320213425508,111.28267814770089,100.0,110.56262848427468
2021-02-25,114.13976875987306,111.22934947733938,100.0,110.87283894142183
2021-02-26,114.11051216695932,111.24396030255429,100.0,110.88212918981407
2021-03-01,114.14233414327455,111.26574847627883,100.0,110.61870636452983
2021-03-02,114.16316782129284,111.27977624180578,100.0,110.24844282500119
2021-03-03,114.13625856922134,111.41242099514099,100.0,110.36555226823498
2021-03-04,114.22728467429202,111.49198296417514,100.0,110.1538590618685
2021-03-05,114.25029348173015,111.50609511329735,100.0,109.8050026690471
2021-03-08,114.32569504423724,111.31356678722797,100.0,110.29187124973468
2021-03-09,114.46331186132132,111.36408462443286,100.0,110.31024243450102
2021-03-10,114.4443021105319,111.3207860303831,100.0,109.84535039567007
2021-03-11,114.37992650781356,111.45078660240952,100.0,109.81694113383425
2021-03-12,114.48620884260974,111.46778951360187,100.0,109.9865347078966
2021-03-15,114.7457182495896,111.50936785317545,100.0,109.79830808612411
2021-03-16,114.620043714185,111.47282455326075,100.0,110.00899004867154
2021-03-17,114.71455822765459,111.4665096541252,100.0,110.08723670518307
2021-03-18,114.99374569895984,111.35449055675515,100.0,110.55260882446969
2021-03-19,115.04687880575021,111.28635463882769,100.0,110.43694202066058
2021-03-22,115.10868196717254,111.34983334920061,100.0,109.98857784777707
2021-03-23,114.97931110031524,111.22583459282679,100.0,109.98293037938822
2021-03-24,115.00696396117843,111.3026905738678,100.0,110.1192155727425
2021-03-25,115.0132324895986,111.39996567728635,100.0,110.15286809521751
2021-03-26,115.2017488651246,111.46759287365367,100.0,110.57171310525185
2021-03-29,115.09209622668016,111.55065432691164,100.0,110.5044563907364
2021-03-30,115.1452919300419,111.48197986787319,100.0,110.41421040581469
2021-03-31,115.25971419356111,111.34375213186402,100.0,110.3972020591234
2021-04-01,115.12628356139633,111.32042687416214,100.0,110.44173163194048
2021-04-02,114.90564911671416,111.28033526791049,100.0,110.6215313916949
2021-04-05,115.05700800577192,111.32652289841944,100.0,110.59828999462997
2021-04-06,115.16265916769903,111.34047862553996,100.0,110.86041309942858
2021-04-07,115.17341520781564,111.33508043189578,100.0,110.65065094057972
2021-04-08,115.3488526465647,111.34278997153844,100.0,110.63124149671182
2021-04-09,115.41212233267778,111.45814300729472,100.0,110.80394888270882
2021-04-12,115.48858999627748,111.42451599305404,100.0,111.06600634412246
2021-04-13,115.72089613631684,111.53932729359802,100.0,111.2448499801751
2021-04-14,115.75145380625281,111.56207507139771,100.0,111.42454087906589
2021-04-15,115.89184660558504,111.54125230997877,100.0,111.41963202767593
2021-04-16,115.67244660776416,111.53317647916914,100.0,111.2815426159818
2021-04-19,115.78314358053098,111.56852580681388,100.0,111.05706118735138
2021-04-20,115.85484780343201,111.62724337090408,100.0,110.97411865646059
2021-04-21,115.99831570236034,111.77459960191398,100.0,111.21248313260818
2021-04-22,116.1411609397186,111.88514420410682,100.0,111.11671305318215
2021-04-23,116.24062070490216,111.75198170413616,100.0,111.59769202925995
2021-04-26,116.48591617120438,111.8750774986564,100.0,111.81969338534277
2021-04-27,116.58002874886319,111.99000209979549,100.0,111.88975222652977
2021-04-28,116.39748013148098,112.08187070651299,100.0,111.73924732777198
2021-04-29,116.50271435510726,112.17241579196121,100.0,111.71126745550747
2021-04-30,116.42166123019814,112.17665484963307,100.0,111.82695291390094
2021-05-03,116.35777200893301,112.25187178953135,100.0,111.81166460192179
2021-05-04,116.4957122430119,112.34079354093298,100.0,111.95050623015901
2021-05-05,116.59096059718073,112.36037364398588,100.0,112.03284233200827
2021-05-06,116.68330546129786,112.37200428681695,100.0,111.97634768331342
2021-05-07,116.78994891203686,112.3948871944002,100.0,111.92739664813632
2021-05-10,116.99361956460253,112.35742937770567,100.0,111.86774613540591
2021-05-11,117.19719796603432,112.27610102809986,100.0,111.93825540536314
2021-05-12,117.20893177604093,112.18325372152164,100.0,112.02564929113613
2021-05-13,117.29875149638492,112.28149396114392,100.0,112.13172519407348
2021-05-14,117.31761318139401,112.1868640293274,100.0,112.19877672211847
2021-05-17,117.4661376050775,112.25966496167193,100.0,112.03981228695368
2021-05-18,117.46193404428634,112.3115709940843,100.0,112.52357067767099
2021-05-19,117.47273662451416,112.46648515421495,100.0,112.84419779440694
2021-05-20,117.4856191943632,112.46287060583062,100.0,113.16876129705282
2021-05-21,117.44590577673138,112.48703829429282,100.0,113.35014677095471
2021-05-24,117.21403127253375,112.53220728723075,100.0,113.40176555943286
2021-05-25,117.31147360072856,112.60723162661405,100.0,113.37740643439666
2021-05-26,117.32769808384904,112.79130581752106,100.0,113.09563550254252
2021-05-27,117.53138151023934,112.85943195086779,100.0,112.80374324812637
2021-05-28,117.5157946666822,112.89786822816535,100.0,112.92939961508519
2021-05-31,117.58562248598675,112.91911266303275,100.0,113.34704761763673
2021-06-01,117.64667332494558,112.90614851885128,100.0,113.56263507854445
2021-06-02,117.45937276431933,112.85191720787823,100.0,113.8038957830843
2021-06-03,117.64635144572897,112.92907874960699,100.0,114.24263164035872
2021-06-04,117.7097411571419,113.05318096234856,100.0,115.01696925555996
2021-06-07,117.653888704939,113.08860723911414,100.0,115.09891407589961
2021-06-08,117.48236631850213,113.27802122316851,100.0,114.81683474736576
2021-06-09,117.5012906769907,113.29769439955855,100.0,115.13356310548082
2021-06-10,117.43545303116876,113.43645842060815,100.0,115.30012799243288
2021-06-11,117.68825009258212,113.4048933586703,100.0,115.52353452309505
2021-06-14,117.84843640737914,113.40949899134469,100.0,115.796807660305
2021-06-15,118.02017184830893,113.59451587762179,100.0,116.32597388143587
2021-06-16,118.2567556267993,113.55943748278264,100.0,116.4710716520529
2021-06-17,118.16566203531634,113.55250332645551,100.0,116.71420292320629
2021-06-18,118.27664437535537,113.68595848788524,100.0,116.75284807023337
2021-06-21,118.38177103193304,113.63336782132289,100.0,116.63148594937158
2021-06-22,118.42487699723362,113.65597727137964,100.0,116.54707184883088
2021-06-23,118.26959331570161,113.53294391294394,100.0,116.50676736306166
2021-06-24,118.58428571071762,113.57730228404688,100.0,116.32768789381531
2021-06-25,118.70480654205784,113.70790453880815,100.0,116.23877858622342
2021-06-28,118.82858974917713,113.75731306578965,100.0,116.25938993987081
2021-06-29,118.90745205264184,113.66342566019757,100.0,116.49567670282354
2021-06-30,118.96977587058718,113.60085485233012,100.0,116.49008659451458
2021-07-01,119.11061048847685,113.69477252741072,100.0,116.60354833052567
2021-07-02,119.01361843929378,113.80336699406053,100.0,116.62493423604029
2021-07-05,119.06314844877767,113.88356671126921,100.0,116.80868506660269
2021-07-06,119.07336297757091,113.91576597779212,100.0,117.14855000354684
2021-07-07,119.08897386663597,113.97581670062365,100.0,117.29927178615625
2021-07-08,119.28554298394002,114.09464706757088,100.0,117.08104978576091
2021-07-09,119.36062044477924,114.18059696834379,100.0,117.23054933608222
2021-07-12,119.61010884858125,114.06238639763323,100.0,117.19089768756706
2021-07-13,119.49823665232427,114.12388309788368,100.0,116.94315037754961
2021-07-14,119.50640653100825,114.17308315044144,100.0,117.25213727193162
2021-07-15,119.5171842769684,114.3667291856263,100.0,116.70172129513575
2021-07-16,119.5613045262624,114.50498208560775,100.0,117.1083042573062
2021-07-19,119.5254060540832,114.70213622737909,100.0,117.0537804762478
2021-07-20,119.60843386266481,114.71720494969642,100.0,116.7273868090306
2021-07-21,119.57823581316921,114.64822248145872,100.0,116.70139785766872
2021-07-22,119.69192010024761,114.6620212510846,100.0,117.02721039965073
2021-07-23,119.78007967356159,114.56434935363056,100.0,117.08796159167954
2021-07-26,119.84189182937246,114.50745129479697,100.0,117.01150795894061
2021-07-27,119.67462412383207,114.48889790482554,100.0,116.8073896508295
2021-07-28,119.50818750712098,114.5820235272251,100.0,117.27971229980459
2021-07-29,119.60588044422464,114.67084826248849,100.0,117.15137499882157
2021-07-30,119.58868976014858,114.82396892215972,100.0,117.04607020871539
2021-08-02,119.68772848109369,115.06303180767733,100.0,117.44377401614456
2021-08-03,119.57105060349252,115.05717407776619,100.0,117.4009868537364
2021-08-04,119.37235699206117,115.0956902026614,100.0,117.34776742057304
2021-08-05,119.51270277590585,115.08398395296412,100.0,117.17871784053399
2021-08-06,119.67489796993922,115.17870402898663,100.0,117.15691235041884
2021-08-09,119.75986971482399,115.29560472716622,100.0,117.02195068726942
2021-08-10,119.92861346789778,115.27498575604213,100.0,116.65800655437943
2021-08-11,119.99251660754578,115.36053613578103,100.0,116.60086832802664
2021-08-12,119.86437674934984,115.33662448247841,100.0,116.29587360021823
2021-08-13,119.80239919320934,115.4401683629174,100.0,116.21995529328804
2021-08-16,119.83479338347405,115.62000047980997,100.0,116.12159220937966
2021-08-17,119.93972818306412,115.70271297402626,100.0,115.84446742413076
2021-08-18,119.71310821891987,115.81899238617319,100.0,116.13308613336778
2021-08-19,119.74263466958685,115.70573913880236,100.0,116.27849919811572
2021-08-20,119.94215330815724,115.86211534712913,100.0,116.13222946250728
2021-08-23,120.04670549199261,115.97665736305744,100.0,116.40223885730643
2021-08-24,120.31017660742855,116.03910091195496,100.0,116.53853474531432
2021-08-25,120.18891918995531,115.90573397463113,100.0,116.538815547945
2021-08-26,120.08387911221634,115.84434705175526,100.0,116.74755358106263
2021-08-27,120.01082613687886,115.89285918508756,100.0,116.45776195839154
2021-08-30,120.11421736489362,115.84177316361293,100.0,116.78537263291591
2021-08-31,120.11681507099031,115.93026092156933,100.0,116.9269901294378
2021-09-01,120.16279697661665,115.94346371661742,100.0,117.12129993273172
2021-09-02,120.11677988201005,116.02801271315592,100.0,116.76489013690127
2021-09-03,120.39043691689012,116.02770336259113,100.0,116.42594118113996
2021-09-06,120.5399426288624,116.06774866437428,100.0,116.65813072176532
2021-09-07,120.55594499788155,116.15799264168422,100.0,116.73608572695017
2021-09-08,120.64348991760279,116.19824580162427,100.0,116.89528488787754
2021-09-09,120.7296867470207,116.13429136809472,100.0,116.92945443402421
2021-09-10,120.6993540210971,116.03008294921219,100.0,116.74007632436604
2021-09-13,120.75898354416648,116.1859791663549,100.0,117.05778695417031
2021-09-14,120.68901042647066,116.16913729799684,100.0,116.58978254613564
2021-09-15,120.58893172623544,116.12260106391751,100.0,116.48743509056119
2021-09-16,120.75931952423569,116.02055240108605,100.0,116.50092939175128
2021-09-17,120.93353804612623,115.91984607179394,100.0,116.73072491508636
2021-09-20,120.7157696460598,115.91282522319693,100.0,116.96407336971507
2021-09-21,120.64264084205004,116.00681278833565,100.0,117.2274460660353
2021-09-22,120.82382022953514,116.09171767712552,100.0,116.81856704107173
2021-09-23,120.72507518022718,116.29798330543457,100.0,116.70529638843182
2021-09-24,120.68167739643089,116.32633009903718,100.0,116.36299023276479
2021-09-27,120.75889816107984,116.16689233000623,100.0,116.31979950751642
2021-09-28,120.78981298398192,116.20743948654577,100.0,116.51062646282678
2021-09-29,120.85657214629424,116.03650779662097,100.0,116.67373187775662
2021-09-30,120.79899816378098,116.04783157242647,100.0,116.90643194594017
2021-10-01,120.89109566428893,116.05716996790657,100.0,116.96270765948947
2021-10-04,120.77813479145031,116.21477509528128,100.0,117.15838906626006
2021-10-05,120.74899625753599,116.32058467536619,100.0,117.10671203241762
2021-10-06,120.51859800499099,116.36772505874364,100.0,116.81577910220405
2021-10-07,120.76151346898072,116.40318001696458,100.0,116.87985294393562
2021-10-08,120.79307262398879,116.50659976330402,100.0,116.81250763356118
2021-10-11,121.02218786943963,116.57680976173546,100.0,116.88475527132084
2021-10-12,121.0218780606915,116.64521325236956,100.0,116.99226712186616
2021-10-13,121.1624067443535,116.69193734914221,100.0,117.22620043511643
2021-10-14,121.21382763976621,116.75989474931595,100.0,117.4335012993101
2021-10-15,121.40643516272156,116.76953442359763,100.0,117.3951355173097
2021-10-18,121.39514831964314,116.67240629421684,100.0,117.47992451739015
2021-10-19,121.4411264810836,116.62053738181385,100.0,117.46213735515418
2021-10-20,121.32127940739406,116.6687411418537,100.0,117.54996929371765
2021-10-21,121.3474594932422,116.68932272879053,100.0,117.9702633435242
2021-10-22,121.64976273854043,116.76981283774833,100.0,117.93131835452296
2021-10-25,121.77381111535774,116.78047163524404,100.0,117.67028186293962
2021-10-26,121.78524351254809,116.73934875231923,100.0,117.79456410104223
2021-10-27,121.74456956700327,116.82409829359156,100.0,117.3357359995681
2021-10-28,121.78315550730707,116.75022613185632,100.0,117.51502154511948
2021-10-29,121.95265143753619,116.64991354197782,100.0,117.40927535185314
2021-11-01,121.98834990699127,116.65562602817488,100.0,117.2998219161543
2021-11-02,122.0178745262894,116.813195668232,100.0,117.5925638527449
2021-11-03,122.04804612482519,116.82262760206622,100.0,117.75480774416987
2021-11-04,121.96403976833687,116.88582549839772,100.0,117.65634113209666
2021-11-05,121.96997268125837,116.99204788824369,100.0,117.97837127199634
2021-11-08,122.11920596836778,117.00101782806286,100.0,117.9468882701258
2021-11-09,122.00151641353844,116.96891961211396,100.0,118.35578334336043
2021-11-10,122.0562428568084,117.0700054084336,100.0,118.4852465212534
2021-11-11,122.12696559205212,117.13295216178635,100.0,118.4019978583996
2021-11-12,122.1942796273631,117.24529786530522,100.0,118.39265501953649
2021-11-15,122.23752362782378,117.3518479554951,100.0,117.8426206874282
2021-11-16,122.11149835118695,117.33224434050881,100.0,117.51896675048116
2021-11-17,122.19778952462083,117.35500127651177,100.0,117.7793286741665
2021-11-18,122.0555746036656,117.45892879830322,100.0,117.8475462566932
2021-11-19,121.94619443000373,117.42249462168306,100.0,117.50472307815431
2021-11-22,121.91351391604788,117.52646821874248,100.0,118.1606202414494
2021-11-23,122.08311690660024,117.60673747666148,100.0,118.11136649206658
2021-11-24,122.40171940624496,117.57354845509325,100.0,118.06817449166617
2021-11-25,122.4231381510118,117.58426038797612,100.0,117.84238593262982
2021-11-26,122.49540360993797,117.58410098843328,100.0,117.8463159545055
2021-11-29,122.54714888002846,117.47264314192692,100.0,117.83929013675538
2021-11-30,122.52856788807814,117.39781153832058,100.0,117.77247506847247
2021-12-01,122.54496646748903,117.4065304282816,100.0,118.12545227130576
2021-12-02,122.55639511256743,117.49754720875166,100.0,118.57469646848669
2021-12-03,122.54456331032465,117.40899655218074,100.0,118.29409331310208
2021-12-06,122.57888946966519,117.43160919398761,100.0,118.25957326851061
2021-12-07,122.77758269763162,117.4873216889776,100.0,118.62146981617461
2021-12-08,123.04450976057252,117.33789272981463,100.0,118.45786096908016
2021-12-09,123.45187231689523,117.22640274083595,100.0,118.46191163046169
2021-12-10,123.74618828325315,117.31533405683065,100.0,118.6608191587455
2021-12-13,123.838799368099,117.46317708104928,100.0,119.03929174401866
2021-12-14,123.83332657266912,117.4330862909347,100.0,118.91809383033205
2021-12-15,123.87760871554457,117.4148992786708,100.0,118.76439372462059
2021-12-16,123.86496365522886,117.32099990121675,100.0,118.78022684168317
2021-12-17,123.89878898329768,117.39312496002506,100.0,118.87646284768309
2021-12-20,123.77859209300263,117.30470389663074,100.0,118.53367159855276
2021-12-21,123.77190231014589,117.34011598453807,100.0,118.44369309145051
2021-12-22,123.86106230378944,117.32025877442175,100.0,118.32571969865454
2021-12-23,124.06587768164394,117.2894267572864,100.0,118.66990390971834
2021-12-24,124.0641381627513,117.3469609843461,100.0,119.06958619362841
2021-12-27,124.15006715624992,117.6643034991754,100.0,118.49313066251645
2021-12-28,124.26709287411137,117.6576402911198,100.0,118.64396925434652
2021-12-29,124.22923491694822,117.66476473195699,100.0,119.05221783435248
2021-12-30,124.31224694560302,117.75861160418735,100.0,119.36533492546259
2021-12-31,124.5142095283682,117.71419721053616,100.0,119.11174118675196
2022-01-03,124.64910978205165,117.84565862917754,100.0,119.21922320458116
2022-01-04,124.83736116802461,117.74426778155681,100.0,119.62235673594283
2022-01-05,124.81795552534642,117.90629256668949,100.0,119.91779272735826
2022-01-06,124.82694594969199,118.10419310697301,100.0,119.49217179596542
2022-01-07,124.91947739008477,118.28390043416805,100.0,119.42258369093427
2022-01-10,124.94565675443131,118.15605628538626,100.0,119.19388676948891
2022-01-11,124.97151167702964,117.98410663430992,100.0,119.31648025759493
2022-01-12,124.98849897650578,118.11250600083167,100.0,119.27328088782036
2022-01-13,124.83561104316846,118.0760210923361,100.0,119.53880923430093
2022-01-14,125.0153840193425,118.28594442838441,100.0,119.25423109432174
2022-01-17,124.96649820592839,118.30155561185377,100.0,119.01146773483867
2022-01-18,125.0162051469536,118.51199131970729,100.0,118.90648416581924
2022-01-19,125.4970350562147,118.74885567380633,100.0,119.08448026735647
2022-01-20,125.47948458453286,118.93134611739426,100.0,118.5406648533206
2022-01-21,125.74383066614118,119.05566265472211,100.0,118.36849895185512
2022-01-24,125.7882162957913,119.07638915851206,100.0,118.50221714536467
2022-01-25,125.63502026696133,119.0971033287802,100.0,118.72906474794678
2022-01-26,125.49070704542031,119.231413741778,100.0,118.91677224328902
2022-01-27,125.40089834285934,119.49499965755993,100.0,119.07447442221375
2022-01-28,125.61467281941933,119.47151379517904,100.0,118.91340767503341
2022-01-31,125.63006103586326,119.44423261835837,100.0,119.12088357886567
2022-02-01,125.65939655201096,119.52364814479827,100.0,119.10708012767948
2022-02-02,125.61371453124481,119.35623217590442,100.0,119.0060030694865
2022-02-03,125.64256523513102,119.5056226177394,100.0,118.85770532094986
2022-02-04,125.59128049507453,119.53482485602026,100.0,118.64809235139857
2022-02-07,125.60971107351301,119.53858753144225,100.0,118.67810536954327
2022-02-08,125.74810251111363,119.72466077128762,100.0,118.62049910878568
2022-02-09,125.80713470025793,119.82670933107875,100.0,118.87982493038483
2022-02-10,125.87783749778434,119.80823603923977,100.0,118.51934241232463
2022-02-11,126.09025320700577,119.59453071076106,100.0,118.29601316900396
2022-02-14,126.30479675496416,119.59856983429323,100.0,118.19977747596589
2022-02-15,126.57938003802767,119.46520344056574,100.0,118.1445504433138
2022-02-16,126.68634763024414,119.42114191362202,100.0,118.45668283098252
2022-02-17,126.84864955409759,119.32722222196868,100.0,118.38093713246039
2022-02-18,126.91315371162314,119.40725803706076,100.0,118.53732537143516
2022-02-21,127.05838031057233,119.42328398551463,100.0,118.60639099713691
2022-02-22,127.13770783271927,119.50172440920728,100.0,118.66230939082827
2022-02-23,127.24045205009737,119.64280405447103,100.0,119.04790276816394
2022-02-24,127.29844894187066,119.49279195832518,100.0,119.20536767376542
2022-02-25,127.45176882038118,119.50048501501448,100.0,119.51693150131743
2022-02-28,127.63967281287086,119.57205316916696,100.0,119.11263163784395
2022-03-01,127.5239615072839,119.60313216394957,100.0,119.3505230413985
2022-03-02,127.89329311417782,119.57668789246858,100.0,119.22030720251904
2022-03-03,127.8479679886782,119.65342635548797,100.0,119.25873347903345
2022-03-04,127.66728114453737,119.77781100114892,100.0,118.7690391832149
2022-03-07,127.72373562325686,119.90272347844503,100.0,118.98921776947228
2022-03-08,127.76653441080981,119.96894938755194,100.0,118.73620395804092
2022-03-09,127.79957427419622,119.9187403816435,100.0,118.90650236038736
2022-03-10,128.1605181273381,119.98085125376464,100.0,118.91329596066103
2022-03-11,128.21551742095602,120.00946767813582,100.0,119.20579469675789
2022-03-14,128.07009110792154,120.02187714061517,100.0,119.38115057935404
2022-03-15,127.88760641851371,119.9736726978822,100.0,119.62671139963507
2022-03-16,128.01298065982206,120.0109797149199,100.0,119.55501508816353
2022-03-17,128.44351701484663,120.19451610654005,100.0,120.13928543513899
2022-03-18,128.33529589589293,120.09692815032435,100.0,120.10599069819702
2022-03-21,128.19209520229327,120.00578776615835,100.0,120.60928608101318
2022-03-22,128.0991572009754,120.08420007949475,100.0,120.62521036414606
2022-03-23,128.24575441613987,120.22239107864145,100.0,120.67863845944362
2022-03-24,128.41412414294834,120.32220322791913,100.0,120.65477699973648
2022-03-25,128.51777676060675,120.35039624276914,100.0,120.72448065816809
2022-03-28,128.49821983617943,120.35771181308687,100.0,120.88829296064645
2022-03-29,128.5451469036373,120.24585836656696,100.0,120.89891186951628
2022-03-30,128.75569602794044,120.28497263902035,100.0,120.96178353756405
2022-03-31,128.79130117093337,120.37286277659827,100.0,121.38089752726455
2022-04-01,128.98597435917148,120.24386940554876,100.0,121.42143654884477
2022-04-04,128.70203075029897,120.27359684705488,100.0,121.48414444065136
2022-04-05,128.5794389171021,120.14528876707463,100.0,121.64598004015684
2022-04-06,128.5313361007609,119.9472628320552,100.0,121.40713948005826
2022-04-07,128.54128941339476,120.09390400018829,100.0,121.71639932272404
2022-04-08,128.5943986655957,120.11840451336806,100.0,121.71852429411699
2022-04-11,128.66210931211515,119.98720921177352,100.0,121.72695977095461
2022-04-12,128.6784144314792,119.89584318289914,100.0,121.67192709367632
2022-04-13,128.6956412451817,119.98717557560771,100.0,121.14794672152915
2022-04-14,128.630761830148,120.15403812505404,100.0,121.20412434226128
2022-04-15,128.51864286419996,120.20942269038895,100.0,121.30695028365122
2022-04-18,128.53610026582547,120.35788828224288,100.0,120.95920609299495
2022-04-19,128.49878958203698,120.4510726217041,100.0,120.76099989637093
2022-04-20,128.6359147118676,120.46333200298982,100.0,121.4599486602112
2022-04-21,128.62689209832365,120.41101980307738,100.0,121.48740436044197
2022-04-22,128.6876407255959,120.64568076627971,100.0,121.27222701914062
2022-04-25,128.75646394027657,120.65023752931292,100.0,121.8555309609363
2022-04-26,128.80857150108528,120.63677343152304,100.0,122.0003977225567
2022-04-27,128.73904608369352,120.57057229886735,100.0,122.16312246088884
2022-04-28,128.8871444404743,120.66678172557252,100.0,122.41223152034728
2022-04-29,128.69459653749098,120.62210882091739,100.0,122.24101415770306
2022-05-02,128.7070260852949,120.60686446253513,100.0,122.11798348495991
2022-05-03,128.79635504860312,120.46604036064322,100.0,121.822292047994
2022-05-04,128.86011585388283,120.39273955920663,100.0,121.78698601958664
2022-05-05,129.01793198976256,120.47211500525937,100.0,121.49058895261899
2022-05-06,129.2268196696612,120.37686512229251,100.0,121.11026742124692
2022-05-09,129.35630754453646,120.30603904889641,100.0,120.99176525861388
2022-05-10,129.49422598242464,120.26357497409757,100.0,120.90379121162806
2022-05-11,129.4198714963202,120.42031949994899,100.0,120.80194668132147
2022-05-12,129.58412263105362,120.65136319634239,100.0,120.7069688934257
2022-05-13,129.5117137901329,120.73975244032835,100.0,120.45930696181435
2022-05-16,129.53284825616447,121.00563139924436,100.0,120.28302577866408
2022-05-17,129.71381336271165,121.08803616793494,100.0,119.95222982080051
2022-05-18,129.6902714434642,121.09183839805961,100.0,119.85647289601559
2022-05-19,129.86710778082204,121.07845987293403,100.0,119.89769716959057
2022-05-20,129.76376201691684,121.0562125846565,100.0,120.04342868535153
2022-05-23,129.70197020474995,121.10522879242362,100.0,120.20281501111182
2022-05-24,129.74995307481126,121.21043015031891,100.0,120.24198398277726
2022-05-25,129.61672787261745,121.36301462282225,100.0,119.68376977681044
2022-05-26,129.72266683183045,121.40888012406116,100.0,119.63235224282123
2022-05-27,129.9323128708334,121.5444624283413,100.0,119.34444138884592
2022-05-30,130.05415435544103,121.40324632407463,100.0,119.37007623018548
2022-05-31,129.79885126412913,121.4246262922728,100.0,119.46802626589407
2022-06-01,129.7400106513213,121.53657058748152,100.0,119.44332476407527
2022-06-02,129.94731375883205,121.589737933511,100.0,119.7790741848564
2022-06-03,129.93610772447465,121.63428397052505,100.0,120.03932813052548
2022-06-06,129.92825634274908,121.71439250589833,100.0,120.08097413660377
2022-06-07,129.89029571136663,121.7810028678682,100.0,120.2166019937764
2022-06-08,129.96022086763878,121.94162261120601,100.0,120.19364379134551
2022-06-09,130.1464561655964,121.83064866206142,100.0,120.11454682231434
2022-06-10,130.20506429310427,121.78578085883211,100.0,120.32222318103999
2022-06-13,130.25207527632998,121.80728404835635,100.0,120.32406024369901
2022-06-14,130.15712768527126,121.82237376262965,100.0,120.58500247168091
2022-06-15,130.1795476248773,121.85526931993141,100.0,120.32710204385828
2022-06-16,130.22002698462884,121.94570784889731,100.0,120.148145851517
2022-06-17,130.11614842598033,121.94042311563648,100.0,120.21519073361209
2022-06-20,130.13462116219176,121.99470845398197,100.0,119.83787876043054
2022-06-21,130.31513480759295,122.02724495141577,100.0,120.31020293212822
2022-06-22,130.2835960282212,121.9341419583505,100.0,120.10119022108431
2022-06-23,130.2426415996995,122.00114744996164,100.0,120.33012692485698
2022-06-24,130.48395219503251,122.0675767299367,100.0,120.19172050873458
2022-06-27,130.64758340423398,122.13435345851461,100.0,120.1752638412069
2022-06-28,130.51314056786612,121.98324180503626,100.0,120.73828285229618
2022-06-29,130.41958010662194,121.97585193820345,100.0,120.61372012403791
2022-06-30,130.42926733642284,122.0205454432469,100.0,120.84467830120846
2022-07-01,130.4514636327306,122.0892413291721,100.0,120.96274520051551
2022-07-04,130.47123570938336,122.14923898022825,100.0,120.90053355789877
2022-07-05,130.4120758474058,122.29695822152863,100.0,121.08235758078118
2022-07-06,130.49247079105018,122.36837701732695,100.0,121.28579952653656
2022-07-07,130.65389261171882,122.49915098342134,100.0,121.45155745565869
2022-07-08,130.5332974139219,122.59445625839784,100.0,121.68787831195878
2022-07-11,130.5412114831564,122.37074187504629,100.0,121.54175052533445
2022-07-12,130.67888617908912,122.51288058529573,100.0,121.63293805634842
2022-07-13,130.78824381210822,122.50478890731927,100.0,121.25089189929635
2022-07-14,131.01449036635458,122.37774688481949,100.0,121.41543277959154
2022-07-15,130.8150115295206,122.447003584984,100.0,121.36564159991663
2022-07-18,130.91842723432566,122.51779610191791,100.0,121.83673315976053
2022-07-19,130.85670460650607,122.57795410241353,100.0,122.07038512647743
2022-07-20,131.10110424001587,122.62100414775098,100.0,122.0856789363316
2022-07-21,131.28122065479332,122.65535875770779,100.0,122.04233087399254
2022-07-22,131.1948480531202,122.6042973797618,100.0,122.58058536090986
2022-07-25,131.3409727461967,122.79581622163154,100.0,122.39404549720292
2022-07-26,131.17758636365653,122.81048151810194,100.0,122.3240858592575
2022-07-27,131.16306784415767,122.83302800125558,100.0,122.58628846125623
2022-07-28,131.29515877123254,122.95939107669997,100.0,122.81473163154762
2022-07-29,131.4677138144542,123.02865624804187,100.0,122.98434271593784
2022-08-01,131.22412737098279,123.0365001930813,100.0,122.7132498871624
2022-08-02,131.47160564550222,123.06037411248658,100.0,122.70164053139767
2022-08-03,131.36972616714925,123.15954603090483,100.0,122.89738131668472
2022-08-04,131.50861096002748,123.2273822178335,100.0,122.91360948220978
2022-08-05,131.50121988897422,123.29840358891276,100.0,123.15038305126527
2022-08-08,131.60562620361114,123.32092523684797,100.0,122.73456009427883
2022-08-09,131.54774023433887,123.19230184640004,100.0,122.7891282125084
2022-08-10,131.70835697011853,123.35075442864314,100.0,122.96792461384472
2022-08-11,131.66200479379754,123.35785533541475,100.0,122.99440673123195
2022-08-12,131.89660928826143,123.53278132772732,100.0,122.82005427030185
2022-08-15,132.12612789880606,123.62580002594545,100.0,122.8516343317809
2022-08-16,132.60964250599355,123.61974607319878,100.0,122.72426392926808
2022-08-17,132.70535162673738,123.79271563511374,100.0,122.85547865198413
2022-08-18,132.8208077710092,123.95625506558797,100.0,123.28232624598368
2022-08-19,132.85919781015,123.879570563953,100.0,123.34980140331089
2022-08-22,132.7686636201263,124.01748393982615,100.0,123.2376748387147
2022-08-23,132.85314248993802,124.10614219434243,100.0,123.54663002547515
2022-08-24,132.94952009107985,124.09066439564619,100.0,123.5941799654956
2022-08-25,132.9646830567232,124.20712424907268,100.0,123.62790976145631
2022-08-26,133.08936351107985,124.25101352933923,100.0,123.47639552385458
2022-08-29,133.03440123346058,124.17788945239829,100.0,123.85009504545818
2022-08-30,133.18141488333546,124.07293981973652,100.0,123.76065139755269
2022-08-31,133.31417750038585,124.14534060438469,100.0,124.0675359851585
2022-09-01,133.21244627127396,124.18575454104258,100.0,124.31938721284253
2022-09-02,133.2907377101283,124.27259952857752,100.0,124.37782113936571
2022-09-05,133.23139888834427,124.19086153596245,100.0,124.06879547313798
2022-09-06,133.15072313652374,124.11418546481316,100.0,123.99640090035159
2022-09-07,133.23004119308513,124.23974078810677,100.0,124.13956721265377
2022-09-08,133.35350760264973,124.18985162275457,100.0,124.1570912245455
2022-09-09,133.22444648005583,124.2995199935079,100.0,124.57323849380923
2022-09-12,133.02306101936347,124.13376798070358,100.0,124.7115466701772
2022-09-13,133.0396864059118,124.23542836125704,100.0,124.70665612929011
2022-09-14,133.1472127810432,124.13435530402522,100.0,124.80895321812561
2022-09-15,133.32877203326345,124.20092033229184,100.0,124.30524680734176
2022-09-16,133.54435865853523,124.14189018114281,100.0,124.49740047154901
2022-09-19,133.84741790702802,124.0602174515666,100.0,124.62018672810655
2022-09-20,133.8960523125316,124.06169627452535,100.0,124.53335350598411
2022-09-21,134.00036318209305,124.03715761161399,100.0,124.24926434794406
2022-09-22,134.17886562055665,124.09925091963746,100.0,124.39849897269559
2022-09-23,134.39869433302047,124.1238185344062,100.0,124.30705128339036
2022-09-26,134.26118304657496,124.28351030216952,100.0,124.66413112974075
2022-09-27,134.33728238364392,124.33153770796469,100.0,124.86197132566997
2022-09-28,134.3539009795774,124.43086990058634,100.0,125.31555214093179
2022-09-29,134.40079746140896,124.29142000088511,100.0,125.70053528180911
2022-09-30,134.3702356387849,124.23447329419422,100.0,126.16455174206455
2022-10-03,134.45069236679979,124.34949479714454,100.0,126.32690546548135
2022-10-04,134.35554330274337,124.40418067640279,100.0,126.2990600735428
2022-10-05,134.3512236194767,124.477651494546,100.0,125.60167505910259
2022-10-06,134.49557098843894,124.46786257952185,100.0,125.58191581941789
2022-10-07,134.47947871820784,124.46092933405787,100.0,125.43134565682323
2022-10-10,134.3843410324499,124.55400632807435,100.0,124.93205032307152
2022-10-11,134.49821522009577,124.55035968546757,100.0,125.12107844015777
2022-10-12,134.6763025387214,124.51287829679988,100.0,124.7723324864273
2022-10-13,134.50054372760468,124.61544359950808,100.0,124.80044637263843
2022-10-14,134.2938483595476,124.61286425607837,100.0,124.831631631486
2022-10-17,134.21920653110442,124.56640342933223,100.0,124.68714281992239
2022-10-18,134.38911376597582,124.61681139727949,100.0,124.15952469153162
2022-10-19,134.42352900627213,124.8050974420309,100.0,124.16040809484475
2022-10-20,134.62211453783743,124.79249945027514,100.0,124.31480211581164
2022-10-21,134.54093941521893,124.95934306245888,100.0,124.25510554801355
2022-10-24,134.68472837616926,125.1093652225183,100.0,124.30196192037779
2022-10-25,134.84449328938746,125.17501410871897,100.0,124.51496581559562
2022-10-26,134.80037465205933,125.21929583227751,100.0,124.55828417645243
2022-10-27,135.0089032579311,125.28638267847846,100.0,124.09752043217198
2022-10-28,134.94637490252683,125.20969828749564,100.0,124.50442295876488
2022-10-31,134.90773613218826,125.30515214535858,100.0,124.27057167894245
2022-11-01,135.25321147601667,125.28270774757785,100.0,124.29147834311176
2022-11-02,135.3135098436262,125.33577189575641,100.0,124.3878436123967
2022-11-03,135.36032148941166,125.32774416147002,100.0,124.48892982405496
2022-11-04,135.28451971718658,125.42294419556526,100.0,124.94008142433132
2022-11-07,135.3287372217188,125.38455248551595,100.0,124.98263799708253
2022-11-08,135.40530367399253,125.40640024072543,100.0,125.06166444343233
2022-11-09,135.42925695463296,125.443100471017,100.0,125.29309831255941
2022-11-10,135.6123083020121,125.33385165984284,100.0,125.46119327261572
2022-11-11,135.50844827348328,125.42912527477556,100.0,125.08288323228511
2022-11-14,135.5836966211677,125.36790331092388,100.0,125.06947546560056
2022-11-15,135.66775567535862,125.46608491856857,100.0,125.13507795629711
2022-11-16,135.59815651594516,125.38830373036025,100.0,125.08639328544358
2022-11-17,135.80856865661747,125.32237276400933,100.0,124.9769409478448
2022-11-18,135.91606788683845,125.3519219917792,100.0,124.99328046798719
2022-11-21,135.9471211859763,125.35016993133104,100.0,125.45702870662927
2022-11-22,136.20725521530736,125.23555355126827,100.0,125.96767560515944
2022-11-23,136.29043869397066,125.16692286704068,100.0,126.04056657247749
2022-11-24,136.30877282922955,125.26998233526332,100.0,126.1335943025078
2022-11-25,136.63053537638322,125.27984172387595,100.0,125.77171765365482
2022-11-28,136.72043107976404,125.32174440194065,100.0,125.36313861116315
2022-11-29,136.53586017975778,125.44620832911124,100.0,125.50348695676138
2022-11-30,136.68714476820867,125.5156979314863,100.0,125.38641316500593
2022-12-01,136.65118349528225,125.5625527315142,100.0,125.05063160696018
2022-12-02,136.68053480062457,125.71154719101756,100.0,125.23695008521678
2022-12-05,136.77299907039645,125.71648187421343,100.0,125.45902210450289
2022-12-06,136.7665929791862,125.98308025346564,100.0,125.78535827742343
2022-12-07,136.7976502007889,125.96336308488812,100.0,125.8625946782103
2022-12-08,136.7780143613951,126.08132073191665,100.0,125.89756906657342
2022-12-09,136.6931680584224,126.13872282606341,100.0,125.69739724556086
2022-12-12,136.76419806782178,126.10208554729323,100.0,125.83024310755071
2022-12-13,136.8746473000935,126.08208725169925,100.0,125.86420113160302
2022-12-14,136.82551533467688,125.94286156648899,100.0,125.74750381756967
2022-12-15,136.98575582576024,125.94917883681624,100.0,125.3635821912713
2022-12-16,137.13180381311136,125.87957311242536,100.0,125.69882059117803
2022-12-19,137.1999815772756,126.10698713250564,100.0,125.64089081945475
2022-12-20,137.41159498418358,126.14424101742114,100.0,125.8952955872271
2022-12-21,137.35678453583097,126.3278247304232,100.0,125.54183562874084
2022-12-22,137.4349480086123,126.37762406889311,100.0,125.25504809511067
2022-12-23,137.4829972681777,126.35976374581622,100.0,125.36783987766823
2022-12-26,137.6350321157351,126.35384183745951,100.0,125.88376843802938
2022-12-27,137.7329029840567,126.48544878175464,100.0,126.30389736354712
2022-12-28,137.9237054212157,126.49363536307794,100.0,126.37343294096463
2022-12-29,137.9472463324029,126.5474752045048,100.0,126.23279429894264
2022-12-30,137.96698904124,126.67587196631706,100.0,126.35530800139749
2023-01-02,138.10362711333218,126.77112957676798,100.0,126.45601119554387
2023-01-03,138.36404718079342,126.87244979540522,100.0,126.34151398811946
2023-01-04,138.37782761624786,126.91746136089064,100.0,126.22924753528176
2023-01-05,138.3320771888041,126.95419729115156,100.0,126.10998284864307
2023-01-06,138.59511298130403,127.18884809913472,100.0,126.22974157259428
2023-01-09,138.5533851563866,127.0819178792186,100.0,126.4866931562307
2023-01-10,138.6669287493736,127.05823021326397,100.0,126.81096489989223
2023-01-11,138.66605173681396,127.19969328189474,100.0,126.82749395047662
2023-01-12,138.64820139591194,127.25916293375015,100.0,126.56095987402335
2023-01-13,138.93830821950166,127.16646009171583,100.0,126.44360327139694
2023-01-16,138.6672036085736,127.17650984809332,100.0,126.3946720892873
2023-01-17,138.84335089693482,127.17626805112135,100.0,126.48222757276027
2023-01-18,138.74645002206302,127.11237800929415,100.0,126.65534077941267
2023-01-19,138.88071456033975,127.12377702021372,100.0,126.54082311086117
2023-01-20,138.8291301157533,127.14706814043967,100.0,126.89375905811039
2023-01-23,138.6910833386305,127.12482934239111,100.0,126.66947628748578
2023-01-24,138.47859041288905,127.12322044327334,100.0,126.93250980867994
2023-01-25,138.52122151348254,127.09720799643507,100.0,127.31709982564523
2023-01-26,138.58230410326678,127.2121366765604,100.0,127.18303296080666
2023-01-27,138.5078360834868,127.38553719375507,100.0,127.03928484477349
2023-01-30,138.683630384806,127.2323927403076,100.0,127.03724375505436
2023-01-31,138.6676567232205,127.2219519804763,100.0,127.558858466061
2023-02-01,138.69770674405865,127.1619871365216,100.0,127.4508639539539
2023-02-02,138.65487906314385,127.27560709653639,100.0,127.77898896239292
2023-02-03,138.90751724234747,127.29637723534647,100.0,127.60851359714387
2023-02-06,138.6127905261977,127.38244401100782,100.0,127.50345462974077
2023-02-07,138.74751165463047,127.33816897879142,100.0,127.67461401127439
2023-02-08,139.04609553610163,127.38375037112411,100.0,128.02384429494882
2023-02-09,139.16107472461113,127.53821756318503,100.0,128.1524854013107
2023-02-10,138.8576670369574,127.65733594974493,100.0,128.02918560627293
2023-02-13,138.84935724665985,127.91983487516767,100.0,128.10706425997049
2023-02-14,138.80798838137977,128.03365782325596,100.0,127.963335409629
2023-02-15,138.9830871410591,128.0594622629623,100.0,127.83214318887518
2023-02-16,139.0914185997979,128.11454107654077,100.0,127.81125173329045
2023-02-17,139.0843522800103,128.04996149890232,100.0,127.37432369271266
2023-02-20,139.21031325877885,128.02042169525348,100.0,127.16189559491919
2023-02-21,139.3218752909291,127.81527056144262,100.0,127.46272721539557
2023-02-22,139.36614183686657,127.94222327184653,100.0,127.90359767030395
2023-02-23,139.4141887325698,127.9329898529454,100.0,128.364211155572
2023-02-24,139.5006872326114,127.98146331419565,100.0,128.29259412251417
2023-02-27,139.61926857855534,128.03580649009285,100.0,128.23797559731875
2023-02-28,139.8887126356199,128.02675731341375,100.0,128.22111247976812
2023-03-01,140.10773199185027,128.00801566804319,100.0,127.88734200421507
2023-03-02,140.1830198875043,127.95796989466749,100.0,128.11099495065287
2023-03-03,140.35169413478053,127.83276948121971,100.0,127.97862828725495
2023-03-06,140.50378512315768,127.91095082592976,100.0,127.88396045481619
2023-03-07,140.52308726928462,127.86625583872173,100.0,127.94965680339483
2023-03-08,140.67704683901204,127.87213730944214,100.0,128.34525125735013
2023-03-09,140.641360926712,128.03890064028687,100.0,128.24683614070125
2023-03-10,140.94683511863607,128.18458247811873,100.0,128.21599522766127
2023-03-13,141.07897175009876,128.27210106004327,100.0,127.97047489519768
2023-03-14,141.20975309265978,128.30280266833336,100.0,128.19076711439294
2023-03-15,141.28553587335625,128.3319410973879,100.0,128.53360447155268
2023-03-16,141.43660525321852,128.28752188206468,100.0,129.06791464319195
2023-03-17,141.85681851107358,128.21096711890453,100.0,128.57273905877304
2023-03-20,141.83287819996232,128.3047286493749,100.0,128.5612606417821
2023-03-21,141.8481392726171,128.28322066422288,100.0,128.93115595643576
2023-03-22,141.5148121413571,128.1983378533253,100.0,128.5800703523536
2023-03-23,141.4491763557953,128.21635919590935,100.0,128.50895345672006
2023-03-24,141.5077103162959,128.35163811107367,100.0,128.56518203554535
2023-03-27,141.71639517732692,128.52141308607258,100.0,128.45779793546026
2023-03-28,141.79130702896595,128.4308783331139,100.0,128.51621380244862
2023-03-29,141.91247958246248,128.3535652454316,100.0,128.45270661939392
2023-03-30,141.86265771684145,128.3764822800749,100.0,128.69113432629575
2023-03-31,142.00564323418217,128.49532722111405,100.0,128.67895578582684
2023-04-03,142.1169143330019,128.5999197951992,100.0,128.73658609276018
2023-04-04,142.18569928468042,128.88680415030157,100.0,128.68780770556873
2023-04-05,141.85966952612472,128.95555526964745,100.0,129.13359495368886
2023-04-06,141.47553970496517,128.91116623316805,100.0,129.74394339054737
2023-04-07,141.37699088570042,128.9956711270278,100.0,129.82246601711756
2023-04-10,141.7708813836453,128.9929724706268,100.0,129.7500767397402
2023-04-11,141.836173502089,129.04330523491228,100.0,129.8316949666352
2023-04-12,141.9007221029673,129.12744332143404,100.0,129.35263786976554
2023-04-13,142.01021766446289,129.2011735297917,100.0,129.65571028555524
2023-04-14,142.41308266296537,129.2103304451268,100.0,130.00025532440992
2023-04-17,142.24950348612722,129.22359362131937,100.0,130.22419482728617
2023-04-18,142.0000782476323,129.1991620973521,100.0,130.0388047656778
2023-04-19,142.12711592247175,129.13891265345768,100.0,130.3901144714472
2023-04-20,142.1752941450165,129.17294120076897,100.0,130.19123687056677
2023-04-21,142.1996169433126,129.29745830584042,100.0,130.15187314798928
2023-04-24,142.29747036453045,129.25421103190027,100.0,130.51237928961893
2023-04-25,142.29141859031392,129.0968254968593,100.0,130.38941163460743
2023-04-26,142.36434469883878,129.2317880313785,100.0,130.4423647938188
2023-04-27,142.54587986023284,129.32907999314227,100.0,130.65226905277086
2023-04-28,142.8564021051558,129.37766786096452,100.0,130.71530825532008
2023-05-01,143.09526804568947,129.38339963462624,100.0,130.99734760780885
2023-05-02,143.3119648370817,129.40391700107483,100.0,131.25640517235877
2023-05-03,143.20467521839967,129.46323247416973,100.0,131.1741834886813
2023-05-04,142.94515339905007,129.60655589013163,100.0,130.95162987425735
2023-05-05,143.1081296273774,129.75078844280432,100.0,131.17199546733082
2023-05-08,143.06030791365657,129.89415905705465,100.0,130.7833921368462
2023-05-09,143.24900712929474,130.1114828108903,100.0,131.37284892998198
2023-05-10,143.38012962671382,130.05392317560276,100.0,131.06643883282808
2023-05-11,143.6811677387404,130.17176150615057,100.0,131.26663684309932
2023-05-12,143.63326081238247,130.2746366607443,100.0,131.04783538220923
2023-05-15,143.4394858892677,130.22667137693506,100.0,131.22342755347358
2023-05-16,143.5081813699758,130.42785007586974,100.0,131.46446388515912
2023-05-17,143.40799427930037,130.59514499347276,100.0,131.45536383223225
2023-05-18,143.4181568301469,130.7245479570123,100.0,131.90334487047315
2023-05-19,143.53552346419679,130.82268392898365,100.0,132.10658720359606
2023-05-22,143.56001505792017,130.75447970378616,100.0,131.89812038094374
2023-05-23,143.49427155353126,130.74462022603038,100.0,132.25436825839097
2023-05-24,143.47878131384897,130.73802347906403,100.0,132.2920044186729
2023-05-25,143.16171983430814,130.75081056005627,100.0,132.2768238418445
2023-05-26,143.38753735131428,130.79893849121657,100.0,132.22984107427996
2023-05-29,143.38953365233837,130.83936113936866,100.0,132.49079483053248
2023-05-30,143.18950537437777,130.82081775305423,100.0,133.00502202090445
2023-05-31,143.2743663023677,130.99596158088525,100.0,132.90046796124133
2023-06-01,143.22927015763113,130.94490513837582,100.0,132.73683260788772
2023-06-02,143.1222352747093,131.09313271221566,100.0,133.08859066340364
2023-06-05,143.46646686352793,131.1419855540135,100.0,132.86420815328808
2023-06-06,143.56274302593073,131.28023146257868,100.0,133.5345347104196
2023-06-07,143.41292421258393,131.3477474115094,100.0,133.50993681576853
2023-06-08,143.2911036157591,131.49618429286787,100.0,133.54364471168964
2023-06-09,143.31093984155027,131.67866910037242,100.0,133.6582454396178
2023-06-12,143.49952736070622,131.83684841041023,100.0,133.75344330287
2023-06-13,143.56054411096045,131.8952796183104,100.0,134.11450459253527
2023-06-14,143.58647600596265,131.810906617737,100.0,134.44238137076192
2023-06-15,143.64225611815382,131.58034593788824,100.0,134.47007376348913
2023-06-16,143.4664803773691,131.9056841244905,100.0,134.69659755077993
2023-06-19,143.6670793577105,131.9723079958538,100.0,134.87485109110625
2023-06-20,143.54650282450575,131.93049001602216,100.0,134.69227442598213
2023-06-21,143.65382467818256,131.84485114802783,100.0,134.83384233270664
2023-06-22,143.88355872993446,132.07130124292647,100.0,134.89498057758553
2023-06-23,143.9885828620025,132.13366297355188,100.0,135.10508837827624
2023-06-26,143.9053457234338,132.01811728118523,100.0,135.5540301454285
2023-06-27,144.11115749983392,132.21340056820947,100.0,135.70025913921748
2023-06-28,144.3365264889005,132.25692608046674,100.0,135.4813069035675
2023-06-29,144.30277311005705,132.24556569502641,100.0,135.377654530573
2023-06-30,144.2632876703834,132.1378142433271,100.0,135.44433563715
2023-07-03,143.95793183602567,132.08811566431393,100.0,135.1607830748306
2023-07-04,144.06600181058283,132.03788676413865,100.0,135.21561072421778
2023-07-05,143.9750828193893,132.06018638840476,100.0,135.21792908149553
2023-07-06,144.17284003219783,132.14483260889085,100.0,135.3687773419742
2023-07-07,144.44626774181734,132.03845999162047,100.0,135.3256598854998
2023-07-10,144.65597649211085,132.22014190974735,100.0,135.30462508679346
2023-07-11,144.79805610232603,132.3121872570739,100.0,135.5221553324648
2023-07-12,144.86286415398703,132.2658404531325,100.0,135.26237781543088
2023-07-13,144.85357133658272,132.1796588988844,100.0,135.52700230003174
2023-07-14,144.86254650695022,132.13234684476546,100.0,135.57558772260796
2023-07-17,144.9948088075657,132.1506455383198,100.0,135.85340748117895
2023-07-18,144.90106050750344,132.0956848511245,100.0,136.17223296388738
2023-07-19,144.72933236369803,132.05875650281706,100.0,136.17470975131098
2023-07-20,144.7152920655922,132.30893651914448,100.0,136.2496027578905
2023-07-21,144.71646198311103,132.4723107180653,100.0,136.38088433846917
2023-07-24,144.8611357006052,132.4984601878318,100.0,136.89001205199494
2023-07-25,144.85710294582944,132.56780840740808,100.0,137.06999474202362
2023-07-26,144.9769644291519,132.59059805540875,100.0,136.76979146138603
2023-07-27,145.03389146155914,132.7056813465088,100.0,137.22728219951208
2023-07-28,145.08724942037804,132.5959973574197,100.0,137.24529744394988
2023-07-31,145.1773411097358,132.54719015218927,100.0,137.40025488915674
2023-08-01,145.35759293968746,132.62812359854448,100.0,137.3684032288978
2023-08-02,145.52080857508864,132.81030493279425,100.0,137.48489251621044
2023-08-03,145.37858190453335,132.78826039275407,100.0,137.03392910580197
2023-08-04,145.35604505864052,132.82347693026713,100.0,137.39509608894537
2023-08-07,145.7079189070975,132.83455519900266,100.0,137.2226747397052
2023-08-08,145.91045664828496,132.8147407876297,100.0,137.3473912011139
2023-08-09,145.91438383034227,132.82573476755212,100.0,137.34008407255823
2023-08-10,145.94091825460706,132.7851338758957,100.0,136.78207433699166
2023-08-11,145.76050148407325,132.78967925727727,100.0,136.33163799055
2023-08-14,145.6548154003168,132.78485953032114,100.0,136.476960863147
2023-08-15,145.7624461496801,132.74266179248622,100.0,136.4134434341733
2023-08-16,146.0242682885431,132.80467359393762,100.0,136.79775741478753
2023-08-17,146.01635173473386,132.90885833596323,100.0,136.93763611258785
2023-08-18,146.14436413322872,132.95032268325053,100.0,137.74967305638575
2023-08-21,146.35605127958164,133.0648561635942,100.0,138.02643234209182
2023-08-22,146.3400254816078,133.09271011871772,100.0,138.08875487393476
2023-08-23,146.284030071026,133.16880063999923,100.0,137.98506544459437
2023-08-24,146.2041138980968,133.23338554972892,100.0,137.65812197940016
2023-08-25,146.10348982263096,133.20131550712648,100.0,137.7252134276877
2023-08-28,146.32244205489704,133.2426597160848,100.0,137.8806842209824
2023-08-29,146.20722808995694,133.1957859178906,100.0,138.01567751106413
2023-08-30,146.1787856070234,133.2573251051879,100.0,137.9493448378613
2023-08-31,146.13908379206936,133.09186324789113,100.0,138.1164189453572
2023-09-01,146.1216767823942,133.12038403363744,100.0,138.20115618104953
2023-09-04,146.1144123560174,132.98233975293243,100.0,138.94694661575306
2023-09-05,146.34425921196575,133.10371898418575,100.0,139.41475136462904
2023-09-06,146.71819480202916,133.15682471303023,100.0,139.16058003762123
2023-09-07,146.910251163885,133.19141880626947,100.0,139.44828053927148
2023-09-08,147.21710107369145,133.10997294594497,100.0,139.75253247895986
2023-09-11,147.46554735207758,133.15192092419574,100.0,139.99791665979237
2023-09-12,147.37571692708434,133.541908061231,100.0,139.91217145865554
2023-09-13,147.4885969243916,133.36725272450624,100.0,139.98141736371633
2023-09-14,147.70833052794907,133.37795272814,100.0,140.08880567895582
2023-09-15,147.84619003626125,133.47941485663,100.0,140.23488488551723
2023-09-18,147.8496235578082,133.59236679933582,100.0,140.16218240034632
2023-09-19,147.84203906421595,133.598672908967,100.0,140.00639247844654
2023-09-20,147.60628383602483,133.63270937558036,100.0,140.21026924948774
2023-09-21,147.84822347579285,133.6887289993727,100.0,140.47923333292312
2023-09-22,147.97930572594242,133.67460415645513,100.0,140.7246537359503
2023-09-25,148.00725475134035,133.85211504217983,100.0,141.01380510926208
2023-09-26,147.79174183603388,134.03014659914433,100.0,140.99783299826072
2023-09-27,147.80199607839452,134.16737105409553,100.0,140.96183961168995
2023-09-28,147.99040979804295,134.40854583492114,100.0,140.80045528498863
2023-09-29,148.41624763860207,134.46411150326182,100.0,140.73314424301378
2023-10-02,148.42513573122724,134.6669816968374,100.0,140.51846243493878
2023-10-03,148.7186448361474,134.70144091888622,100.0,140.54140538582422
2023-10-04,148.89265671322158,134.8651583327742,100.0,140.59082580426818
2023-10-05,148.68677271393446,134.85087871010307,100.0,141.15045467803498
2023-10-06,148.81896349701094,134.8167308812025,100.0,141.1320642580014
2023-10-09,148.87238608626944,134.7807739068585,100.0,141.21872242260815
2023-10-10,149.04923538970476,134.86427148997825,100.0,140.8562438476162
2023-10-11,149.17467858514627,135.00563384578524,100.0,140.89796563203896
2023-10-12,149.17894095184948,135.2437431509338,100.0,140.75515164644796
2023-10-13,149.30453974880305,135.2674155453115,100.0,140.52051037806592
2023-10-16,149.27152060319375,135.35477572643214,100.0,140.85189439335906
2023-10-17,149.53685663095231,135.3827086540945,100.0,140.91019109305344
2023-10-18,149.56568907754072,135.6451018344153,100.0,140.90103147204363
2023-10-19,149.45600205196632,135.6570039590242,100.0,141.1882213189605
2023-10-20,149.4645372666841,135.71522744299605,100.0,141.06581118664258
2023-10-23,149.57974929487452,135.88718639288376,100.0,141.75762408157087
2023-10-24,149.78531786157455,135.96358497075477,100.0,141.92739422136518
2023-10-25,149.81459658553473,135.90282418889873,100.0,142.0426873175188
2023-10-26,149.9231836707865,136.15711623501443,100.0,141.63693412107017
2023-10-27,150.1245267257456,136.2488836766004,100.0,141.61417707299034
2023-10-30,150.10732392070057,136.26870855557337,100.0,141.7572506222758
2023-10-31,150.02803906800406,136.27523960903935,100.0,141.22966313860726
2023-11-01,149.9291844937426,136.2933854537145,100.0,141.54050615475205
2023-11-02,150.40016830114885,136.29958320323317,100.0,141.66288250492732
2023-11-03,150.54142791608052,136.42117405505044,100.0,141.79264949952434
2023-11-06,150.67634552226,136.39872946808012,100.0,141.6984269422304
2023-11-07,150.66815603371248,136.54580744969348,100.0,141.6651798137039
2023-11-08,151.01995050061112,136.48401039103365,100.0,141.06906035083483
2023-11-09,150.71470939716096,136.45852752600376,100.0,140.8533559996851
2023-11-10,150.8359939076937,136.35404775685166,100.0,140.9638147831252
2023-11-13,150.93419500932376,136.45625916316732,100.0,141.24763562433495
2023-11-14,151.08718375482465,136.4388279787681,100.0,141.07725815689523
2023-11-15,151.37643835138033,136.62086264886165,100.0,141.26338536773653
2023-11-16,151.42923134640634,136.8036893767731,100.0,141.39227515723968
2023-11-17,151.39073088141515,136.81745460150321,100.0,141.24772191245964
2023-11-20,151.28045626834657,136.89149927622788,100.0,141.74047247948118
2023-11-21,151.21943701529176,137.11135789443608,100.0,142.06458499973584
2023-11-22,151.20832771971928,137.07827568768695,100.0,141.56825739903726
2023-11-23,151.5163011660994,137.28031689873916,100.0,141.76675953596913
2023-11-24,151.69110761017313,137.35823131853036,100.0,141.34222970464742
2023-11-27,151.80237436441294,137.305321593983,100.0,141.7043134134681
2023-11-28,151.9782348707915,137.35665212227386,100.0,141.40487581720305
2023-11-29,151.98374682126664,137.3864699362453,100.0,141.56265324572186
2023-11-30,151.8740389228972,137.28624222997453,100.0,141.61878093206766
2023-12-01,151.9343283576305,137.3323691316666,100.0,141.67029475090806
2023-12-04,152.17348031324977,137.57251042394984,100.0,141.9562891962635
2023-12-05,152.1875506151841,137.50746682526133,100.0,141.5673658328107
2023-12-06,152.3005828796642,137.6630003825403,100.0,141.43799819554806
2023-12-07,152.4051519042157,137.79726796558364,100.0,141.557576202751
2023-12-08,152.43081903020115,137.70853576077263,100.0,141.19528144487165
2023-12-11,152.50680210540557,137.68177586517257,100.0,140.92220330393337
2023-12-12,152.56713092563527,137.7301866152312,100.0,140.61417988734274
2023-12-13,152.4244748282419,137.9206529695012,100.0,141.18293931073234
2023-12-14,152.38203076529553,137.90355165184673,100.0,141.21813766694743
2023-12-15,152.52596892591225,137.87910454018171,100.0,140.63049950553946
2023-12-18,152.71573315023446,137.9376464143874,100.0,141.24308732089676
2023-12-19,152.6571979155871,138.0674613792292,100.0,141.51810980323435
2023-12-20,152.80750160974046,138.13084072851998,100.0,142.02842487969718
2023-12-21,152.8839657683579,138.1759704025602,100.0,142.25993086285115
2023-12-22,153.16556484155936,138.20036941836787,100.0,142.02030451453885
2023-12-25,153.3193549924977,138.2581840351196,100.0,141.93921571475238
2023-12-26,153.5792297574302,138.38876120048437,100.0,142.2516201578997
2023-12-27,153.7865483904447,138.47316241433475,100.0,142.3863517888968
2023-12-28,153.753149684376,138.4146798971111,100.0,142.86319210582766
2023-12-29,153.8371376983496,138.44053754765446,100.0,142.65406702694713
2024-01-01,153.98653122738213,138.61191654663253,100.0,142.44740892433632
2024-01-02,154.0820324571211,138.78805125403935,100.0,142.45081391398534
2024-01-03,154.48314995428962,138.86389395409816,100.0,142.54695076073648
2024-01-04,154.2281100494799,138.95923623796605,100.0,142.55782776295482
2024-01-05,154.2384655147558,139.07993548148195,100.0,142.9241453714183
2024-01-08,154.44396840613962,139.30451177220326,100.0,143.46638928411042
2024-01-09,154.43202998628695,139.43997390900213,100.0,143.666227456784
2024-01-10,154.5193377824279,139.58033300373913,100.0,143.77750856626264
2024-01-11,154.53677268822727,139.47032622870438,100.0,143.63925053093257
2024-01-12,154.42908315333455,139.5313118380476,100.0,143.62911211230406
2024-01-15,154.56186793287898,139.63775458313646,100.0,143.59234683781477
2024-01-16,154.75984946668936,139.69107828166815,100.0,143.57903996142463
2024-01-17,154.79082790185365,139.5781852748192,100.0,144.00058519992288
2024-01-18,155.0294698170528,139.53506583040266,100.0,143.84871125405658
2024-01-19,155.0539420066457,139.32851253468985,100.0,143.92946256308042
2024-01-22,155.18298463385992,139.2763275865957,100.0,144.35180139550542
2024-01-23,155.40101367832892,139.11103211906047,100.0,145.25963693440482
2024-01-24,155.11753897787298,139.0829809806223,100.0,145.22167962922512
2024-01-25,155.44148942574435,138.97889859694433,100.0,145.74028963507982
2024-01-26,155.7071444280175,138.96209636125872,100.0,145.9243150637403
2024-01-29,155.74050704165006,138.96517807221443,100.0,145.7563753081756
2024-01-30,156.17528479757306,139.04610943057952,100.0,146.05119384486446
2024-01-31,156.2689319078013,139.10418808088247,100.0,146.2312318948106
2024-02-01,156.36027756154465,139.2119501004394,100.0,146.20107989602676
2024-02-02,156.43858297792661,139.2987270533209,100.0,146.0120358275313
2024-02-05,156.7214388913026,139.13694440764954,100.0,146.01687752698274
2024-02-06,156.63502443285242,139.15680093786995,100.0,146.35734435166466
2024-02-07,156.73422731887024,139.39285832440757,100.0,146.23217151628035
2024-02-08,156.9577045496824,139.41847985061074,100.0,146.20626246985807
2024-02-09,157.18376088389547,139.42083470068582,100.0,146.3035841888397
2024-02-12,157.29267651176525,139.7018709293879,100.0,146.58888561871456
2024-02-13,157.4319305288001,139.81885539254844,100.0,146.4635376835689
2024-02-14,157.5445603129291,139.94337768282927,100.0,146.12144677070265
2024-02-15,157.7099684228098,140.09081641413806,100.0,145.804618749541
2024-02-16,157.6632200121076,140.05170722496933,100.0,145.73987883148578
2024-02-19,157.8852300234291,140.33506163339518,100.0,145.36137647827613
2024-02-20,157.68031756877346,140.30967484082797,100.0,145.49412708503476
2024-02-21,157.89448320574894,140.12368109012417,100.0,145.2431656467655
2024-02-22,157.87205260230533,140.23022168488203,100.0,144.75646410225315
2024-02-23,157.86291335988477,140.31512881955103,100.0,144.54018886649584
2024-02-26,158.11418893032368,140.3892685566269,100.0,144.7818651105598
2024-02-27,158.11435239658718,140.29953702722932,100.0,144.65887544774068
2024-02-28,158.21491094430533,140.46585879490772,100.0,144.8208536338036
2024-02-29,158.54982580429547,140.42377607260983,100.0,144.62598590138967
2024-03-01,158.8580910387944,140.37974984988725,100.0,144.84018244198185
2024-03-04,158.80605230449268,140.27169604997061,100.0,144.94472913187184
2024-03-05,158.85516395967207,140.31617631953574,100.0,145.12211992523754
2024-03-06,159.12041008229204,140.21600430743825,100.0,145.01649923790202
2024-03-07,159.36157682982082,140.2760254861511,100.0,145.28939651255743
2024-03-08,159.59533001826338,140.24429320767467,100.0,146.01080230951507
2024-03-11,159.80277684343181,140.30305796649998,100.0,145.7035539645236
2024-03-12,159.81964893530366,140.42147665260725,100.0,146.1151378431493
2024-03-13,159.77820254895875,140.27458691873557,100.0,145.92929225637792
2024-03-14,159.8151206049752,140.33808623202088,100.0,146.74621261789622
2024-03-15,159.9413394782509,140.5095552011083,100.0,146.77789320987173
2024-03-18,160.0957557508351,140.63671328321146,100.0,147.49454494233356
2024-03-19,159.87396361067383,140.86315198260183,100.0,147.19306653203765
2024-03-20,160.0465383371998,140.97446513119337,100.0,147.20905385774512
2024-03-21,160.2438176918898,141.14626929366784,100.0,147.0702104372838
2024-03-22,160.22789313046954,141.11461096733737,100.0,147.23196547479404
2024-03-25,160.44497440222844,141.23939987953483,100.0,146.93787634009647
2024-03-26,160.5646421196474,141.43582934784658,100.0,146.88424651938553
2024-03-27,160.5349042560524,141.4063425000847,100.0,146.94454448318925
2024-03-28,160.53573724984776,141.51735634449332,100.0,147.14026357548278
2024-03-29,160.7600857307477,141.7961512506533,100.0,147.5291505933357
2024-04-01,160.59888306011626,141.80594475429544,100.0,147.69570439745158
2024-04-02,160.77122046553808,141.8806666454862,100.0,148.19266841657276
2024-04-03,160.9592221579139,141.87499643715122,100.0,148.61806257185182
2024-04-04,160.99820520938286,141.8836220778904,100.0,148.69990962748915
2024-04-05,161.1118999072462,141.87501535609127,100.0,148.5447778866043
2024-04-08,160.77794417054918,141.93756869756496,100.0,147.9535849945478
2024-04-09,160.68712944933915,142.06636850720074,100.0,147.78861992903683
2024-04-10,161.08106419427781,142.05925747042176,100.0,147.9413502735658
2024-04-11,161.3052961863836,142.0993942628466,100.0,148.1350386300981
2024-04-12,161.3959256395482,142.29347724158526,100.0,147.9060088742585
2024-04-15,161.1501592850277,142.20504708405318,100.0,147.49516016789707
2024-04-16,161.19482322322452,142.25815929875762,100.0,147.83551704376384
2024-04-17,161.30502050033814,142.41129483613116,100.0,148.188537645969
2024-04-18,161.41482154858727,142.4458384072724,100.0,148.21274294115224
2024-04-19,161.5541569408722,142.46542275872235,100.0,148.51929061466393
2024-04-22,161.61027043769192,142.63900860280117,100.0,148.30750045162458
2024-04-23,161.631900678775,142.64350475120352,100.0,147.7742542933984
2024-04-24,161.66003103197943,142.6666310676635,100.0,147.37327539474734
2024-04-25,161.89721127799373,142.74979016173617,100.0,146.9948572583246
2024-04-26,161.9592512086159,142.81273829631857,100.0,147.00483429582854
2024-04-29,161.7207727277992,142.8876914364077,100.0,147.12511755947511
2024-04-30,161.58566659833906,142.57121357229778,100.0,147.02670555581602
2024-05-01,161.62310221371408,142.55976166205846,100.0,146.7683117051297
2024-05-02,161.53334363199164,142.56237684235785,100.0,147.06598967974008
2024-05-03,161.64249560411778,142.65564457858056,100.0,147.2443617046856
2024-05-06,161.66374476097792,142.58423152792932,100.0,147.00959828893306
2024-05-07,161.88673143271004,142.435029333412,100.0,147.0691124294119
2024-05-08,161.87149459990937,142.38140139773645,100.0,146.57265056520257
2024-05-09,162.1446344158189,142.33725180679016,100.0,146.21404322461703
2024-05-10,162.38394068949614,142.55384108090578,100.0,145.96307859455166
2024-05-13,162.6645610505109,142.5420906988032,100.0,146.3439813782291
2024-05-14,162.65694511653447,142.699290831396,100.0,146.31898738819814
2024-05-15,162.7673593632802,142.83806994777825,100.0,147.04736888229056
2024-05-16,162.8464097457502,142.84697036548857,100.0,147.0465544017457
2024-05-17,162.90857827536593,142.78908538669123,100.0,147.45833271073934
2024-05-20,163.0656015040815,142.84378713225033,100.0,147.91593839059146
2024-05-21,162.98316253234597,142.65540676365657,100.0,148.18794285728336
2024-05-22,162.8616275873222,142.68627498422384,100.0,148.75019443605265
2024-05-23,162.92834597353817,142.83019410241266,100.0,149.37274528696437
2024-05-24,163.04127324016326,142.78598111681012,100.0,149.71541484558094
2024-05-27,163.08872626556055,142.84624306047226,100.0,149.58364557671104
2024-05-28,162.97755168775586,142.93104379056393,100.0,149.60863060259894
2024-05-29,162.95174194501908,142.95339792540014,100.0,149.66815592335155
2024-05-30,163.21961595967352,143.0825273466299,100.0,149.88094814742442
2024-05-31,163.08899047904535,143.02586496111655,100.0,149.40055720275762
2024-06-03,163.19142158931427,143.08010998862804,100.0,149.17469382966618
2024-06-04,163.29523403700443,143.1591523723914,100.0,149.0888052624594
2024-06-05,163.04587041768707,143.13205342031438,100.0,148.7353055484578
2024-06-06,162.97107517512583,143.1197024826113,100.0,148.6487861069875
2024-06-07,163.1661524410917,143.11361956482892,100.0,148.89865847003784
2024-06-10,163.36642548014137,143.1237249597665,100.0,149.00551834678424
2024-06-11,163.39627895713198,143.3187323933743,100.0,148.81348475039266
2024-06-12,163.3966855300426,143.41996231674852,100.0,148.89052163120598
2024-06-13,163.22950021560771,143.3890632176161,100.0,148.6100423224948
2024-06-14,163.24199238623402,143.27810950493978,100.0,148.60508929338818
2024-06-17,163.29660959729205,143.38076847867956,100.0,149.03834098330145
2024-06-18,163.6360317674842,143.30211988261976,100.0,149.4329100267662
2024-06-19,163.84526378505237,143.38309016413646,100.0,149.3604999848558
2024-06-20,163.6429671099948,143.44660435223182,100.0,149.4307063477483
2024-06-21,163.51726146797498,143.63057316151506,100.0,149.7458576818657
2024-06-24,163.52246922143286,143.86317964457322,100.0,150.18137034707937
2024-06-25,163.69580470069877,143.76320738066616,100.0,150.244257481988
2024-06-26,163.79780069863477,143.89233256866942,100.0,149.83519552682708
2024-06-27,163.78952260070838,144.0233642101281,100.0,150.02343186562032
2024-06-28,163.9386167633704,143.92900105987906,100.0,150.02856097179358
2024-07-01,163.92153961513515,144.1530362746192,100.0,150.20790966495795
2024-07-02,164.1777524604883,144.1333748028926,100.0,151.01144291637823
2024-07-03,164.26581132477656,144.44667813760466,100.0,151.5861552437239
2024-07-04,163.96727298418625,144.63023359590292,100.0,151.83704886511595
2024-07-05,164.14336363346462,144.70803380497125,100.0,151.2194910051493
2024-07-08,164.09290022454408,144.76913156851714,100.0,151.22562791543737
2024-07-09,164.05039533122738,144.775135836684,100.0,151.30455114247926
2024-07-10,164.04888780851658,144.80022660329183,100.0,151.475910900116
2024-07-11,164.29242940976687,144.85645744698996,100.0,151.72930453629075
2024-07-12,164.22384479124398,144.8758039581964,100.0,151.935563846474
2024-07-15,164.44581185042964,144.8864602095335,100.0,151.8652029950334
2024-07-16,164.83356737564338,145.20453576817778,100.0,152.01323209341336
2024-07-17,164.7112318835282,145.22290924065086,100.0,151.99650165508353
2024-07-18,164.68586182719488,145.28301357515167,100.0,152.0518453190595
2024-07-19,165.07145074779837,145.44980175813785,100.0,151.37390180574096
2024-07-22,165.1249438377979,145.32617935920325,100.0,151.46064827623752
2024-07-23,165.23627352325292,145.35746318420232,100.0,151.68828429481243
2024-07-24,165.20846863628614,145.3689801676563,100.0,151.9026743964744
2024-07-25,165.324514747403,145.5645603722421,100.0,151.46183957584316
2024-07-26,165.06477983151186,145.78671042114811,100.0,151.88997866231915
2024-07-29,165.03693432203022,145.923758047961,100.0,151.86879326530146
2024-07-30,165.27012718119715,145.88572331411535,100.0,151.72932163387483
2024-07-31,165.3441002171711,145.98316642030818,100.0,151.59251951174173
2024-08-01,165.6141731974818,146.14086429482404,100.0,151.54387619651195
2024-08-02,165.5697549134008,146.38261045470298,100.0,151.18131775220448
2024-08-05,165.89298942928045,146.68142418869567,100.0,151.4558126263664
2024-08-06,165.84196582448533,146.7297678189171,100.0,151.62488501221296
2024-08-07,165.7048379218926,146.91851011645733,100.0,151.3254749808883
2024-08-08,165.44438273674203,146.88591224376873,100.0,151.22615110631634
2024-08-09,165.24012759083726,146.99517280126054,100.0,151.67545073687896
2024-08-12,165.27255706493276,147.01647607775635,100.0,151.7816955996719
2024-08-13,165.16786762615374,146.981337050946,100.0,151.94596459271196
2024-08-14,165.14165776152433,146.80679838153785,100.0,151.8609251546595
2024-08-15,164.96654685383513,146.75633288728196,100.0,151.7254170077001
2024-08-16,164.73696698205492,146.72004392119595,100.0,151.9128578807351
2024-08-19,164.81471729126702,146.89469312875786,100.0,151.88578280981648
2024-08-20,164.95869840045648,146.9307203630044,100.0,152.06308036322102
2024-08-21,165.19259114429636,147.00740898548943,100.0,152.09917365082018
2024-08-22,165.26024799600305,146.84173690546885,100.0,152.1613040324267
2024-08-23,165.32624448203666,147.18133220388268,100.0,152.0918715676568
2024-08-26,165.40243130682768,147.3564708139464,100.0,152.04673638939826
2024-08-27,165.5157717556296,147.4214031950303,100.0,152.36256793003156
2024-08-28,165.63481991095404,147.5221522578734,100.0,152.31577741285432
2024-08-29,165.6897622278151,147.5643401057705,100.0,152.296734825899
2024-08-30,165.83434072141284,147.54475401780005,100.0,152.01737425038885
2024-09-02,165.7393019722364,147.47639206821998,100.0,152.36225633894094
2024-09-03,165.6328333574385,147.58101896004646,100.0,151.80259525197278
2024-09-04,165.54870382087523,147.8239190020301,100.0,151.86982696818922
2024-09-05,165.61307936018773,147.94620053199745,100.0,152.35918534427347
2024-09-06,165.82521575403482,147.94118234722583,100.0,152.47801440450988
2024-09-09,165.97064712816035,148.01671352462802,100.0,152.9285325438581
2024-09-10,166.06740618329295,147.95161328664875,100.0,153.21603790072686
2024-09-11,166.45656656842198,147.81570908976144,100.0,153.76848751626193
2024-09-12,166.53184112056468,147.7532109029973,100.0,153.7042493564419
2024-09-13,166.69239642034196,147.77709022406114,100.0,153.77723769758424
2024-09-16,166.88180252190054,148.09562049366284,100.0,153.95025964443988
2024-09-17,167.0027770745819,148.16494258914432,100.0,153.83944475600367
2024-09-18,167.1095547842574,148.15856073621225,100.0,153.65002379299054
2024-09-19,167.35660642450773,148.33940429389153,100.0,154.42669342700555
2024-09-20,167.47718089381584,148.39307873492828,100.0,154.6243106177706
2024-09-23,167.43337218643055,148.5685755312013,100.0,154.57706470446712
2024-09-24,167.62260345865613,148.61750766715198,100.0,154.1317315958369
2024-09-25,167.75307826459706,148.8671483843404,100.0,153.51642812235892
2024-09-26,168.08315894968248,148.9901155362478,100.0,153.713242160829
2024-09-27,167.90161069388162,149.06926244110403,100.0,153.23614027374964
2024-09-30,167.9638848426194,149.0590577949677,100.0,153.25306734956956
2024-10-01,168.16473481991912,149.2501242258281,100.0,153.19546109639998
2024-10-02,168.36579291315306,149.27500156642432,100.0,152.83434275861867
2024-10-03,168.54734379766677,149.30221200750015,100.0,152.68312560130147
2024-10-04,168.70675908827877,149.3597336551529,100.0,152.68580195460464
2024-10-07,168.74558899127382,149.33759693783088,100.0,152.7786753963885
2024-10-08,168.82566618046116,149.46219858490565,100.0,152.56162988079473
2024-10-09,168.82258206254087,149.57044774218204,100.0,152.0944784141501
2024-10-10,168.83931693897244,149.69132472692934,100.0,152.4268603946893
2024-10-11,168.84387671620365,149.69008071592444,100.0,152.35326801093782
2024-10-14,168.7769146162193,149.8176495054048,100.0,152.51256685506974
2024-10-15,168.80289396249978,149.81303847497693,100.0,152.42005795165713
